,text,label,english
0, аш болсаң өзіңе ұқсамайсың ,0," if you are hungry, you are not like yourself "
1, аяғыңның размері қанша ,0, what is the size your feet 
2, қоя тұр тек некеден кейін ғана ,0, standing only after marriage 
3, суды толықтырып қояйын ,0, i will refill the water 
4,https vk com market w product ,0,https vk com market w product 
5, ақымақ ,0, stupid 
6, жиза маа ,0, жиза маа 
7, сенде осылай салдың баа ,0, that s how you put the price 
8, қаладан өзінің ауылына келіп типа городской болғанда ,0, how to come to his village when t pa city 
9, сенер достарың бар болса әдеміі лүпіл қалдырып кетшищ ,0, i believe there is beauty l pil friends ket leaving 
10, романтик ,0, romantic 
11, ренжiп қалды ,0, renjip left 
12,адамғаа ештеңе жакпайды ,0,adam aa jakpayd nothing 
13," мен бабник емеспін, просто жалғыз ұйықтауғаа қорқам ",0, i m not babn k spacious m afraid the only uy qtaw aa 
14,қауiптi адам ,0,dangerous person 
15, суретке ат қойыңыздар ,0,ask the artist 
16,хай мен интернет қызмет сатумен айналысамвзлом жасау тгинста накрутка тгтегін интернет тгютуб под жинау тгвай фай бұзу тгтелефонға қосымша память тгақша табу жолы тгақша табу схемасы схема тгтөлемдер киви аркылыhttps vk com id ,0,high and internet service sales aynal samvzlom tg nsta cheat tgtegin internet tgyutwb under collection tgvay fi violation tgtelefon a find additional memory tgaq a find a way tgaq a type circuit tgt lemder kiwi ark l https vk com id 
17, апам тоқып берген бас киiмiм ,0,"she textile , clothing m "
18, үйден әйелің қуып жібергендее ,0, sending out your wife at home 
19,"ішің пысып, не істеріңді білмей отқан болсаң лүпілдетіп кетшищ қане ",0,"if your belly is bright , or do not know your deeds, otqan l pildetip ket s go "
20, қазақтар ай ,0, kazakhs month 
21, ат қойыңдар фотоғаа ,0, name pay foto aa 
22, оқуды қызыл дипломға бітіріп жұмысқаа тұрдым ,0, i lived with honors jum sqaa reading 
23, өзіңді таптың баа ,0, price you found yourself 
24,гоуте тиркелиык,0,gout attachment
25," бұл жерде бір адам тығылып тұр егер сен оны тапсаң, лайк бас ",0," this one is hiding there if you find it , like "
26,өте үлкеееен жиза ,0,very big jiza 
28,ал сен дәмін көрдің бе ,0,and you have seen the taste 
29, коммент қалдыра кетейік ,0, let s leave a comment 
30, қазақтарға арналған чехол ,0,kazakhs gang 
31, еркектің аты еркек ,0, men s the name of a man 
32,тек қана әдемііі жандар ғана лүпілдетсінші көрейік нешеу екенбіз,0, only those only demiii l pildetsin i let s see how many there are
33,бир анашис адам паркте отырып анашаны кааатты шегип алганго сосын орынынан турып калса алдында ат шаааууып кележатр екен адам айтады е бул мумкин емес мен паркте журм бул мумкин емес дейд ат келип анау адамды каатты согады анау адам кансырап жатады кишкенеден кейин турып караса самалет ушып кележатр екен тагыда оз озин алдап жубатады мумкин емес деп и анау самалет адамды келип согадыда адам кайтадан кансырап жерте жатканго басын котерип карасы ракета кележатр екен каааатты скорспен емае бул мумкин емес паркте ракета болмайд десе ракета келип кааатты согадыда сосын аргы жактан бир адам е далбаеп кет былай карусельден олесин казир деп айтыпты ,0,"one person ana s park ana an kaaatt eg p algango if dust built up the place and then round before the horse aaaww p was kelejatr people say this is not mwmk n jwrm the park and came to the name , this is not mwmk n those people kaatt sogad those people are kans rap k keneden then round black samalet w p was kelejatr again not deceive his oz n jwbatad mwmk n came and those who samalet sogad da people back to kans rap jerte jatkango head koter p karas rocket was kelejatr kaaaatt skorspen emae this mwmk n came booster rocket bolmayd the park but not kaaatt sogad da then arg jaktan pick one person dalbaep said carousel oles n kazi he said "
34, бұл жолға млн тенге бөлiндi хехе,0, this line has allocated million tenge hehe
35,дүкенде осы жағдайға тап болдым ,0,i came across this situation in the store 
37, дос деген осы ,0, this is a friend 
38,free fire аккаунт сататындар барма гоу коммент ,0,free fire dissuaded sells an account gow comment 
40," жалаңаш қыздар лайкты көп жинайды, ал мына атамыз шамамен қанша жинайды екен ",0,"like going to a lot of girls naked , and this was going to our father about how much "
41,хехе,0,hehe
43,"мяяя, браттарға лайктан атайықшы ",0,"myayaya , brattar a like atay q "
46,быр алдар косе болыпты ол быр куны гараж сатып алады гараждын есымын не деп коярын былми мен танертен немды киюды умытып кетсем гараждын есымын суитып коямын дид ертесы куны ол трусиын киюды умытып кетеды сосн есымын труси деп кояды ол тагыда матацикл сатп алады онын атын не деп коярын былми мен танертен шы кандай соз айтамын суитып коямын дид ертесы куны танертен турып алдар апчууу деп чукыреды сосын атын апчуу деп кояды алдар косе жана диван алады онын атын не деп коярын былми мен ай ышынде кандай кызга гашык болам сол кыздын атын коямын диды ол ай ышынде аидана деген кызга гашык болады диваннын атын аидана деп кояды быр куны алдар палицияга барады палиция не болды десе алдар мен аиданамен жатканда трусиымды ашып карасам апчуым жок диды ,0,birr was kose offset he birr buy the garage kwn alad garajd n es m n what koyar n b lm and morning nemd pick remember to wear garajd n es m n suite koyam n d d ertes kwn he trws n remember to wear keted sosn es m n trws koyad ol that what receives to sell matac kl name again koyar n b lm and morning any word i say suite koyam n d d ertes kwn morning round ap www offset by the name of wk red sos n ap ww koyad aldar kose new sofa takes its name or koyar n b lm and month controller any k zga ga k of the same name for girls koyam n d d ol month to the controller a dana k zga ga k d vann n sets the name that a dana birr kwn is increasing pal c yaga pal c ya what was coming and say that while a danamen open trws md karas ap w m no strelec 
47,"алгебра, химия, физика мұғалімдерінің денсаулығына базар жоқ ко, вообще ауырып қалмайды ",0,"algebra , chemistry , physics teachers do not have the health of the market , however , is not actually sick "
48, сыныбыңда красавчик бала барма отмечаем ,0, are there class handsome boy we mark 
50,хехе,0,hehe
51,хехе,0,hehe
52,орысша білмеу ұят емес қазақша білмеу ұят ,0,it is not a shame not to know russian it s a shame not to know kazakh 
53,өләәәәә группа не болып кеткен деп лайк басып кетсеңдерш ,0, l group that has or is like ketse der 
55,солай болса лайк,0,"if so , like"
56,хехе,0,hehe
57,хехе,0,hehe
59,коментке ,0,comment 
60,лайкпен анықтап жіберейік ,0,will identify laykpen 
62,ай заман ай,0,month todate month
63,жаттап алыңыз керек болады ,0,you can remove the need to remember 
64,білесің ба жаным мені жоғалту оңай табу қиын мә жаным сонда сен пультсынбане ,0, do you know easy to lose difficult to find my soul body soul then you pwlts nbane 
65, кішкентай баланы загранпаспортқа суретке түсірудің амалы ,0, how to photograph a small child in a passport 
66, картоптар бұзылуд ,0, potatoes are spoiled 
67,сенде қыз барменде де қыз барекеуін подружка қымадықпа ,0, you have a girl i have a girl too do n t make friends with them 
68,шешеңді депті қоян қасқырға,0, speak the rabbit said to the wolf
69,хехе,0,hehe
70," ғасырда жасар қыздың жігіті бар, ал сенде жоқ ",0," century, the yearold girl s boyfriend , and you do not have "
71,жизама хехе,0,e hehe
72,қазіргі қыздар осындай боп кеттіғо шш,0,"currently, women such as ketti o min"
73,комментке,0,comment
74,хехе ,0,hehe 
75, сиыр алғандардың жағдайы осындай,0,this is the situation with those who got cows
76,жауап ,0,answer 
81, ешқашан ғаламтордан киім алмаңдар ,0, never take clothes online 
82, ураа ержан ұлды болды ,0, cheers yerzhan had a son 
83, құрметке лайық ,0,dear deserve 
84, бойы мынандай ещ ақыл айтып қояд ,0,throughout the following will tell the mind more ee 
85,распа ,0,raspa 
86, қызын әскерден күткен ,0,daughter awaited army
87,ахахах,0,ahahaha
88,қинады әптен,0,it hurts a lot
89, b ,0, b 
90,бастан өттіме ,0,i have experienced 
92,осы коменттер қанды іштіше ,0,this komentter bloody pain 
93,распа ,0,raspa 
95, менің үш тілегімді естігенде байқұс алтын балық жаман шошып кеттіғой ,0,my three hast heard the noise of the gold fish bayqus bad ketti oy 
97, бұл тек менде ма ,0, this is just me 
98," ұрыстан жеңілсеңдерде, мынадан жеңіліп қалмаңдар ұлдар гоуте ",0,do not include combat je ilse derde lost boys goater 
99,уффф саттилик деп осыны айт,0,wfff way that satt l k
100,өмір сүргің келсе істеуші болса,0,if you want to live
101,бірбіріңізге сыйлық беріңіздер бұл сүннет арадағы сүйіспеншілікті арттырады ,0,give each other presents this is sunnah increases mutual love 
102,жаңа жылға дейін азу керек еді,0,fang had to be until the new year
103,"таң қалма, лайк бас",0,"do not be surprised , like"
104,осы бір сникерсті жей салайын,0,let me eat this snickers
106,"бәріміз біріміз үшін, біріміз бәріміз үшін",0,"all for one , one for all of us"
107,достарыңмен моншада,0,in the bath with friends
108,"құтырмай, тыныш жүр ",0,"rabies , quiet "
109,"стенаңа алып кет, әйтпесе қар жауып кетеді",0,"stena a go away , otherwise the snow"
110,керемет стакандар екен ,0,perfect glasses 
111,саған қайырлы түн деп айтайын деп келдім ,0," good night, i came to say to you "
112,қабырғаңа сақтап қой сағанда жұғысты болсын ,0,let qab r a a keep you ju st 
113,шаршап келіп осылай жатырсын ба ,0,are you so tired 
115,шешесінен таяқ жейтін болды ,0,was it in the neck of his mother 
116,қыздармен ойнамаңдар,0,female oynama dar
117,күнде сабақта осылай,0,it s like that in class every day
118,темекі шегетін қыздар маған осылай көрінеді ,0,the girl looks like me in the smoking section 
119,құтқарыңдар ,0,save 
120,вешалкадан жеңіліп қалған,0,lost ve alkadan
121,гимнаст ит,0,gymnast dog
122,"атаанамыз болмайды, істеме деген сайын істегіміз бүлдіргіміз келіп тұрады",0,"parents to do that , do not come b ldirgimiz"
123,қыздарға макияж жасағанда,0,when the girls makeup
124,әйелім қарамай тұрғанда сүйісіп алайын ,0,we need to love when the woman in black
125,"мені жақсы көру үшін тудың ба, әлде жұмсау үшін ба ",0," i was good to see the flag , or to spend "
126,бұрын осылай өзімізақ жұлып тастайтын едік ,0,we cleaned off before so we also 
129,тергеушінің балалары,0,children of the investigator
130,аумай қалған,0,the rest of the territory
131,селфи ,0,selfie 
132,сырғанақты сағынып кеттім,0,i miss skating
133,бүгінгі күннің селфиі ,0,today s selfie 
134,қорықпа інішек ,0,don t be afraid baby 
135,біреудің әңгімесін тыңдағың келгенде ,0,when you want to listen to someone s story 
136,бiр күн ренжiсiп ертесiне дос болып кететiн сыныптастарымай сендерді ешқашан ұмытпаймын ,0,renjisip one day leaves as a friend ertesine classmates month will never forget you 
137,шешінуге карта ойнаған,0,he played cards to undress
138,сыныптас қыздарға ұқсай ма ,0,do you like the girls in the class 
139," е брат, кешірш",0,"eea brothers , ke ir "
140,екі ақымақ,0,two fools
142,"әттең, қасымда әйелім бар да ",0,"unfortunately , with my wife and me "
143,сұйық сабын ,0,liquid soap 
144,"үйге аю кіріп кетіпті, бытшытын шығардым",0,"issued the bear had entered the house , shattered"
145,любойыңды бай қылып алам ,0,lyuboy d get so rich 
146,екеуі ақыры кездесіпті ғой,0,both outcomes are met
147,мысығым мені суға батып кетті деп ойлап қалды,0,i thought that drowned spread
148,"бір суретте қаншама анаға деген мейірім, анаға деген қаншама шексіз махаббат көрініп тұр ",0,"in one of the pictures a lot to a lot of mother s love , mother love is evident "
149,осыған қалай жүргізуші куәлігін берді екен,0,how would a driver s license
150,көзқарас,0,point of view
151,бәрімізге жұгысты болсын ,0,may it be contagious to all of us 
152,электриктің қорқынышты түсі ,0,the terrible color of the electrician 
153,журегі жаралыау шамасы ,0,hospitalization wounded perceived value 
154,мама маған мына бас киімнен де үлкенін алып берші ,0,mom me the following things have to ask him 
155,асссааааалллау,0,assaaaaalllau
156,тфай тфай көз тимесін сұлулығыңа ,0,do not touch that tfay tfay beauty 
157,дуалдың да құлағы бар деген осы ,0,and listen to the walls 
158,тамаққа очередте тұр,0,there is a queue for food
159,omir alma kezek ,0,omir alma kezek 
163,бір ғасырға жетеді,0,reaches a century
164,аяз атаға хат жазайын деп парақтық дәптер алдым,0, sheet notebook that i write a letter to santa claus
165,мистер мускул,0,mr muscle
166,"лайк бас, баспасаң өледі",0,"like dying , publisher"
167,ағаштан жасалған ,0,made of wood 
168,ақелердің гамбургері,0,grandpa s hamburger
169,скамейкалар шегіп алған,0,who suffer skameykalar
170,чистоплотный қой,0,clean sheep
171,қой мына жерден таяйын,0,sheep tayay n here
172,нағыз джентелмен,0,with a real gentleman
173,африкалык шаш,0,african hair
174,осы күнге де жақын қалды ,0,it is close to this day 
175,эх эх красавчик болған қиын екен жалпы ,0,uh oh uh oh handsome was not that hard 
176,үлкен нәрсені армандау керек,0,to dream of big things
177,әргімнен қарыз ақша алып бермей қашып жүр,0,is not to buy the borrowed money rgimnen escape
178,"жаурадым, жазды қайтарыңдар",0,"i cried , return the summer"
179,нағыз достар,0,real friends
180,зарядталып жатыр ,0,charging 
181,отбасымен селфи,0,family selfie
182,өшірші светті ,0, turn off the light 
183,"не болды, сонша сигнал басып ",0," what happened , so the signal "
184,бір ғасырға жетеді,0,reaches a century
185,орманға дейін ала кетші,0,take it to the forest
186,бір кусок қалдырыңдар десем ,0,i want you to leave a piece 
187,қайда ұшып бара жатырсындар,0,where are you flying to 
189,бар мүмкіндіктерімізді бағалайық,0,appreciate the opportunities
190,жоқтан гөрі суреті тұрсын,0,keep a shot rather than nothing
191,"жігіттер бағасын берсін, қыздар репост",0,"let the guys rate , the girls repost"
192,бір порциялық тарелкаға екі порция тамақ ,0,one serving dish to two servings of food 
194,жақында барлық жерлерле осылай қар атысу басталады,0,"recently, the snow all the way jerlerle dialog begins"
195,светофорда ұзақ тұратын сияқты,0,it seems to stay at the traffic light for a long time
196,"жүр дейм, саған бұл жерде жүруге болмайды ",0," come here , i want you not to go "
197,не байқадың ,0,what did you notice 
198,бір тепкенге күшті екен,0,one had a strong ride
199,"мә, саған тамақ бермегенді көрсетейін ",0,may i show you that i didn t give you food 
200,"болғаннан кейін тазалап жуып кетші, өтініш ",0,ket i washed clean after the application 
201,дөңгелектері сонша қымбат болған сиякты,0,like the wheels were so expensive
202,автоматты түрде отындар оздері кезекпен жана береді ойланып қара,0,automatically alternate fuels ozdere new think black
203,мысықтарға арналған балкон,0,balcony for cats
204,такси фильмі қытайда,0,taxi movie in china
205,демалысы осылай өтетіндер лайк,0,weekend will be held this like
206,айналдырып кара ,0,scroll to see 
207,басында түсінбей біраз қарап тұрдым ,0,i watched a little confused at the beginning of 
208,"бензин, доллар қымбаттағалы осы",0,"gasoline , this increase in the dollar"
209,қыздарики,0,girls
210,сен де осылай секірдің ғой,0,you have jumped out of the way
211,"ч то менің артым қышып жатыр, бірнәрсеге ұрынайын деп тұрмын ше ",0,che something to my back scabies is about something that i have ur nay n 
212,автоматты түрде отындар оздері кезекпен жана береді ойланып қара,0,automatically alternate fuels ozdere new think black
213,кинодағы жағымсыз кейіпкер құлап қалмасын деп ұстап түратын да мамандық бар,0,do not fall to the villain in the movie have to keep having that professional
215,сатының керегі жоқ,0,you do n t need a ladder
216,бала манежде отыр,0,the boy is sitting in the arena
217,әйелдерді түсіну томдық кітап жарыққ шықты ,0, women understand the volume book was published 
218,болмасаң да ұқсап бақ,0,like a garden that you have
219,"бүгін алып кет, ертең қалтаңда осынша ақша болады",0,"get today , tomorrow will be so much money in pockets"
220,шынымен қар жауып жатыр ма ,0,is really snow 
221,міне фотошоптың құдіреті,0,that s the power of photoshop
222,қабырғаңа алып кет ,0,qab r a a away 
223,енді кептелістен қорықпаймын,0,now i am not afraid of traffic jams
224,құдай бір өзің жар бола гөр мені көргендер репост жасап алып кетсінші ,0,god please be with you i have seen how to make a repost ketsin i 
225,автобустарда басына соққы алудан сақтайды,0,the bus will receive a blow to the head
226,керемет айна,0,a wonderful mirror
227,көңіл сыйса бәрі сыяды,0,entertainment holds all be avoided
228,нағыз дос қиыншылықта тастамайды,0,a true friend does not leave in trouble
229,"күн сәтті, көңілді өтсін",0,"have a good , fun day"
230,"mен сенi, сен оны, ол басқаны,осы ғой махаббаттың шатасқаны,екі жүрек бірін бірі сүйе тұражаман ғой үшiншiсi жармасқаны ",0,"men trust , you love it , it is different, this is one of the one of the two hearts atasqan , love is turajaman third jarmasqan "
231,"соғыста әбіржіп жүрмей, әдемі болып жүрейік ",0,"let s not be confused in war , let s be beautiful "
232,"торт жейін деп жатқан жоқ, екі көзі басқа жас қыздарда ",0,"the cake is not going to jeyin , the source of two other young girls "
233,мұғалім білмейтін сұрақ қойғанда ,0,the teacher does not know the question 
234,"бүгін алып кет, ертең қалтаңда осынша ақша болады",0,"get today , tomorrow will be so much money in pockets"
235,"мына жүні жоқ, тақыр бас тышқан осыны репост жасап алып кетпесең тақырбас болып қаласың ",0,"the following hair , bare head mouse is going to make a repost this topic "
236,кішкентай бүлдіршіндердің сүйікті ағалары,0,favorite siblings of little children
237,өлген жерім осы шығар,0,i am probably dead
238,үйдің электр қуатын үнемдейміз ,0,building energy saving 
239,"жейтін тамағымды қалдыр да, көзіме көрінбе ",0,"leave a meal to eat , and a source "
240,ит адамның досы,0,the dog is man s friend
241,ішіп алғансың ба ууһ деші,0, are you drunk wwh de i
242,"ей, сен, алған жеріңе қайта апарып қой ",0,"hey , you have to drag your way "
243,бір кампит үшін не теген талпыныс,0,one attempt to kamp t or tegen
244,йогуртты қасықпен алып қалсам ,0,got yogurt with a spoon 
245,аяқ киімге ақша жетпей қалған,0,the rest of the footwear not have enough money
246,жегің келсе достарыңмен бөлісіп жеңдер,0,if you want to eat and eat share with your friends
247,"аяғын жаурап жүрсе, ала ғой",0,do not get the man in the leg jawrap
248,"екі әке, екі бала",0,"two fathers , two children"
249,ауылда шөп жинағанда,0,collects grass in rural areas
250,айналдырып кара ,0,scroll to see 
251,мені көп күтіп қалдың ба ,0,many are waiting for me 
252,әкелші бесті,0,bring five
253,"ой, бляяя, жаным қалмады ғой",0," oh , is left yeah , blyayaya"
254,"торт жейін деп жатқан жоқ, екі көзі басқа жас қыздарда ",0,"the cake is not going to jeyin , the source of two other young girls "
255," ggg мешок деген,озі мешок боп қапты ",0," ggg me ok itself, as me ok bag "
256,кімнің басынан өтпеді десейш,0,who has n t experienced it 
257,"азу керек, срочно азу керек",0,"should be in the canine fangs , urgent"
258,алтын алқа медалінің иегері,0,winner of the gold medal of the board
259,досыңды басқа біреумен көргенде,0,when you see your friend with someone else
260,баланың еркелігіне көнеміз,0,the oldest child erkeligine
261,ит баланың досы,0,the dog is the child s friend
262,only youuuu ,0,only youuuu 
263, сағат күзет қорғайды,0, hour security protection
264,соңғы қарбыз болған соң жеп қалайын деп,0,how to eat watermelon after the last 
265,осы күніңе шүкір десең болады ,0,if you want to thank your day 
266,үйдің глазонынан қарағанда,0,according to the house glazon nan
267,шаршасаң үйіңе барып жат ,0,you are going to go home tired 
268,"елбасымызды қабырғаңа алып кет, сонда сенде де осынша ақша болады ",0,"president qab r a a away , you had that kind of money will be there "
269,тамақтанып алайын,0,i ll have a meal
270,көңілкүй көтеріңкі болсын,0,be in a good mood
271,"фууу, кім жел жіберді ",0,"whoa , who sent the wind "
272,қайда келе жатырсыңдар билеттерің бар ма ,0,where are you tickets 
273,жігіттер махаббаттан көздері көр болғанда ,0,when you see guys sources of love 
274,"қоя тұршы, жағымпазданбай",0,"hold on , flattering book"
275,"электр қуатын жемейтін, тегін холдильник",0,"power not to eat , free xold ln k"
276,қалай қиратпай төкпей әкеле жатыр ,0,how to bring the yield down 
277,"берші, дәмін көрейін",0,"let me taste ,"
278,"брат, машинеңді сүртіп берейінші",0,"brother , let me wipe your car"
279,мен емес мынау шашқан,0,and this is not doused
280,"күлем деп, ішексілем қатып қалды",0," laughing , gastrointestinal array that is frozen"
281,"фууу, кім жел жіберді ",0,"whoa , who sent the wind "
282,не байқадың ,0,what did you notice 
283,"көрші, анам жұмыстан келе жатыр ма ",0," my neighbor , i have to work "
284,"осылай жасасам сүт емес, сок шығады ",0,"if i do that , it will be juice , not milk "
285,"берші, мен жейн өзің жей бересің ба ",0,"come on , i ll eat will you eat "
286,ата анасын қызғанып жатыр,0,she is jealous of her parents
287,біреуміреу тиіссе айт маған ,0,somebody should tell me 
288,"қабырғаңа алып кетіп, достарыңнан да сұра ",0,ask qab r a a away your friends 
289,балық аулайтын тор,0,fishing nets
290,әзілқой сарбаз,0,humorous soldier
291,мақсаты үлкен сияқты ,0,the goal seems to be big 
292,суреттен адамды тапсаңыз репост жасаңыз достарыңызда іздесін ,0,figure if people make a repost let your friends search 
293,көруге болмайтын нәрсені көріп отырғанда,0,while watching to see what can not be
294,абақтыдан қашам дегендерге ,0,for those who want to escape from prison 
295,париж қаласының бетәлпеті түсінгендер өз стенасына алып кетсін ,0,the face of paris let those who understand take it to their walls 
296,ағаштан жасалған,0,made of wood
297,бугін дүниежүзілік темекі шегуді тастау күні,0,today on the world to stop to smoke
298,қалыпты отбасы,0,a normal family
299,бүлдіретін кезде қасында қолаушылары табылады ,0,when is the next qolaw lar corrupt 
300,міне фотошоптың құдіреті,0,that s the power of photoshop
301,"қолдасаң, бүгіннен бастап таста",0,"qoldasa pruning , starting today"
302,жыл мұғалімі,0,teacher of the year
303,"мен мінсем, лайк баспайсың ба",0,"if i ride , would you like it "
304,су астында суретке түсу,0,underwater photo
305,құр отырғанша интернет ақтарып отырайын ,0,the bird let out your internet 
306,осы күніңді бағалай біл,0,learn to appreciate your day
307,бір кампит үшін не теген талпыныс,0,one attempt to kamp t or tegen
308,қолдары күймес үшін,0,signatures for exposure
309,біреу тойып секіредібіреу тоңып секіреді,0,someone jumps heat fed sekiredibirew
310,үйде бірнәрсе бүлдіргенде ,0,when something goes wrong at home 
311,табиғаттың өзі де риза емес,0,he is not satisfied with the nature
312,қысты қатты сағынғаны екен,0,winter is hard sa n an 
313,өскенде осыған тәуелді болатыныңды білесің бе ,0,"do you know that when you grow up , you will depend on it "
314,"алло, қымбаттым, бір столб келіп мені соғып кетті",0," hello , darling , one hit me from stolby"
315,"жұмыс жоқ, демалыс түске дейін ұйықтайды",0,"no work , rest he sleeps until noon"
316,көңілді сарбаздар,0,cheerful soldiers
317,"сенің балаң ба, жылап жатқан жоқ, менікі емес",0," your baby crying no , i do not"
318,осыған жүргізуші куәлігін кім берді екен ,0,driver s license who did this 
319,"міне, мейірімділік",0,"here , kindness"
320,қыздар өткенде жігіттер дәл осылай басын бұрып қарайды,0,girls are guys went the same way as in the past
322,махаббат сагызы стенана алып кет ,0,love gum stenana away 
323,"айттым, саған өзіңе көп алма деп ",0," a lot of you have said , you could not believe "
324,басталды ,0,started 
325,"құдай берем десе, форточкадан береді екен",0,"it s god , but , forto kadan"
326,сірінке керек емес,0,no matter
327,"болғаннан кейін тазалап жуып кетші, өтініш ",0,ket i washed clean after the application 
328,қолында баласы барын ұмытып кетті,0,have forgotten the existence of the hands of children
329,жегім келіп тұрғаныай,0,the fact that the months to come running
330,"жигузин еді, енді метро болды",0,"it was zhiguzin , now it was a subway"
331,"соғыста әбіржіп жүрмей, әдемі болып жүрейік ",0,"let s not be confused in war , let s be beautiful "
332,"күнімен жүріп, шаршап келген аяқтар",0,"day walk , tired legs"
334,фотошоптың кереметтілігі,0,uniqueness of photoshop
335,сенің де махаббатың мәңгі болсын,0,let your love forever
336,сен анау айтқандай тікентікен емес екенсің ғой ,0,you are not yet have a thorn thorns 
337,лайк баспасаң мен сенімен ващщее сөйлеспеймін,0,like publisher and va ee you speak
338,болмасаң да ұқсап бақ,0,like a garden that you have
339,"құдайдан ақша да, атақ та керек емес, тек қана атаанамның жүректері мәңгі соғып тұрғанын тілеймін ",0,"you do not need money and the glory of god , and only wish my parents hearts beating forever "
340,сені ғана сүйіп өтемсені көрдім пайпай өмірімнің мәнісі сенжаным менін wifi ,0,i saw you just love temseni use of the unit in my life senjan m the nature of my wifi 
341,кім бар үйде маша ойнауға шыға ма ,0,who has come to play at home masha 
342,темекі денсаулыққа зиян ,0,smoking is bad for your health 
343,нағыз джентельмен ,0,with a real gentleman 
344,баспен қадалғандар,0,focused on the crest
345,"көшеде келе жатып, паролі жоқ wifi тауып алғанда ",0,"create walking on the street , when he has found no wifi "
346,смайлик сияқты ,0,"smiley , such as "
347,бастық та дем алу керек ,0,head of the need to breathe 
348,өлген жерім осы шығар,0,i am probably dead
349,бұрышта гаи барма екен ,0,gai do not go in the corner 
350,"ходовкаларын қатырып қоймасам, бір күні ааарияға ұшыратады",0,"freeze xodovkalar n warehouse , one day leads to aaar ya a"
351,илья аға көмектесші көтеруге,0,ilya helped lift the elder 
352,сенің ұнататын қызың басқа жігіттермен тұрғанда,0,your favorite when the other guys girlfriend
353,сенің ұнататын қызың басқа жігіттермен тұрғанда,0,your favorite when the other guys girlfriend
354,ойнауға жибермей жатыр ма ,0,is being sent to play 
355,қазір біреудің жүрегі діііір етеді,0,now someone s heart will diiiir 
356,міне фотошоптың құдіреті,0,that s the power of photoshop
357,егесінің татуировка салоны бар сияқты,0,as well as the homeowner tattoo parlor
358,"ақылдысын қара, мына жігіттің ",0,"clever men in black , this guy "
359,"құдай берем десе, форточкадан береді екен ғой ",0,"god gives , that is to forto kadan say "
360,келші бір құшақтап қояйын,0,let me give you a hug
363,қайда келе жатырсыңдар билеттерің бар ма ,0,where are you tickets 
364,керемет екен әсіресе түнде жарықты жақпайды,0,"was amazing contraindicated , especially at night light"
365,"көшеде келе жатып, паролі жоқ wifi тауып алғанда ",0,"create walking on the street , when he has found no wifi "
366,ең бастысы қауіпсіздік,0,the main thing is security
367,ит сені жылқыға жамандап жатыр,0,you are evil horses dog
368,бірінші кезекте сообщениелерін оқиды ғой,0,"first of all, do not read soob en elerin"
369,жақсылап саған макарон пісіріп берейінші,0,let well you cook pasta
370,жол жөндеу компаниясының инженері,0,road repair company engineer
371,көруге болмайтын нәрсені көріп отырғанда,0,while watching to see what can not be
372,кім кезекші ,0,who is on duty 
373,қалай түсіппін суретке ,0, how did i get into the photo 
374,қысты сағындыыыыым,0,i miss winter
375,интернетсіз балалық шақ ,0,internet childhood 
376,қабырғаңа сақтап қой сағаттан кейін не болатынын көр таңқаларлық ,0,qab r a a keep see what happens after hour surprising 
377,ойнауға жибермей жатыр ма ,0,is being sent to play 
378,жатарда сиіптышып жат,0,we ll unacceptable s ip t p
379," club қазақ тіліндегі алғашқы бот оған жазсаң жауап береді музыка, картинка, гифканы қас қағым сəтте жібереді ботқа жазу vk me azil mekeni ",0," club the first bot in the kazakh language if you write to him, he will answer music , kart nka , will hit the enemies g fkan moment write porridge vk me azil mekeni "
380,жаңа қазақстандық топ ,0,new kazakhstan group 
381,мен өзімшіл емеспін тек өзім үшін өмір сүргенді жөн көремін ,0,"i m not selfish, but i prefer to live for "
382,маған тек сен керексің басқа ешкім керек емес ,0,i just need you do not need nobody else 
383,"ақшам көп емес, бірақ болашақта сені аш қалдырмайтын едім ",0,"not a lot of money , but in the future i would not leave you hungry "
384,жақсы көретін адамыңа ауыр сөздер айтып қойсаң оны түнімен уайымдап шығасын ,0,"heavy words, if you tell someone you love him the whole night of confusion outgoing "
385," қалайсың жақсы iштегi куйзелicтi смс арқылы жеткiзе алмағандықтан, жағдайымыз жақсы болмасада, кейде жақсы деп тiл қатамыз ",0," how are you good i tegi if you are not satisfied with kwyzelicti sms , excellent condition , sometimes called good language of the "
386,бақытты қылу қолыңнан келмейме онда бақытты болуыма кедергі жасама ,0,you can do it does not make happy don t stop me from being happy there 
387,"адам саған қалай сөйлесе ,сенде оған солай сөйле сен сезінген сезімді олда сезінсін ",0,"how do you do it , you talk to the person addressed you feel senses an experience "
388,менде бір жанның ешкімге қимайтын сүйіктісі болғым келеді ,0,i want to be loved by anyone q mayt n of the soul 
389,"қандай жағдай болмасын ескі достарыңды ұмытпандаршы, өтініш ",0,"in any case , please do not forget your old friends "
390,ана махабатын ешбір қызын бере алмайды саған ,0,mother love any girl can not give you 
391,"интернетті жамандайтын адамдар, интернеттің жаман жағына кіретін адамдар",0,"internet bad people , bad people included in the side of the internet"
392,бір білгенім саған ақылсыз болсада түрі адемі қыздар ұнайды екен өкініштіақ,0,"one kind of foolish , even if you know adem like girls sorry too"
393," леуметтік желілерде, ардагерлердің, мүгедек балалардың фотоларын шығарып қойып қанша лайкқа достойны екен деп жазып қоятындарға жаман жыным келеді өмірде ең маңызды нəрсе лайк болғанына ұят ",0,"social networks , veterans , put out photos of children with disabilities how many wrote that he was like dostoyn want to put a bad sex life, the most important thing was the like a shame "
394,"е еба бірдеме жазшы, мен жазғанымды күте бермей ",0,e eba something down and wrote not wait 
395,"басқа қыздарға ойнап сені жақсы көремін, анау мынау деп айту оңайда, именно жақсы көріп, ұнатып жүрген қызға келгенде кәдімгідей аузыңа сөз түспей қалады ғо d",0,"playing with other girls , i love you , is that this is easy to say , when a girl who fell in love with love , menno really will not get into the mouth sc d"
396,жүрегім жаралы онда qarakesekті тыңда ,0, my heart is broken then listen qarakesekti 
397,"қанша жаста тұрмыс құрғанды, үйленгенді жөн санайсыздар ",0,"how old should be married , married sanays zdar "
398,"ұнаймын ба бiлдiр жек көресің бе түсіндір сағынасын ба хабарлас ал егер ойнап жүрсең, құры ",0,"do you like it let me know do you hate explain do you miss it contact and if you play , kury "
399,қанша түзу жүрсеңде қисайған көлеңкеңнен кемшілік табатындар болады ,0,how much is tilted straight if you are finding fault with k le ke nen 
400,саған күлкі сыйлайтын адамды бағалай біл ,0,you know people appreciate that brings a smile 
401,"ештеңе жасамайтын адам ғана қателеспейді сондықтан қателесуден қорықпа, қатені қайталаудан қорық ",0,only a person who does nothing is wrong so do not be afraid to repeat the error of error reserve 
402,екеуміз полюбому бірге боламыз ,0,i will be with arguable 
403,ең бірінші махаббат басталады whatsappтан ,0,the first love from the start whatsapp 
404,кейде бәрін тастап кетiп қалғым келеді алыс ешкім жоқ жерге ,0,sometimes i want to leave all departures far no one on the ground 
405,мысалы дәл қазір мен сені сағынып отырмын ал сен оны білмейсің ,0,for example right now and i miss you and you do not know it 
406,"ұнату сырт келбетіне тәнті болу, ғашықтық сырт келбеті мен мінезін ұнату, ал махаббат тіпті кемшіліктеріне дейін жақсы көру ",0,"like to be impressed by the appearance and love like appearance and character , and to love even the disadvantages of a good view "
407,"басың бос кезде ешкім жазбай қалады да, жігітің бар болғанда нешетүрлі жігіттер жаза қалады, солайма қыздар ",0,"print remains empty when no one records , and when you have a boyfriend will write of many boys , so girls "
408,қиналсам да күлімдеймін мақсатыма жеткенше берілмеймін ,0,i smile even when i m in trouble i will not give up until i reach my goal 
409,мен екінші жартымды іздемеймін анам мені бүтін етіп туған ,0,"i m not looking for the second half, my mother gave birth to me as a whole "
410,"жұрттың сөзің тыңдама, олар не айтса да айта берсін ",0,"listen to the word of the people , let them say what they say "
411,"маған баспаған лүпілді, оған басып күйдіреді ғой ",0,"i would burn down virgin l pildi , "
412,сүйген адамыңа қол жеткізу үшін күресе білу қажет махаббат жақсы көрумен ғана шектелмейді ,0,for someone who loves to fight love is not only a good observation 
413,"әй, осыны оқып отырған адам басыңнан бақ кетпей қалсын түсіндің бе ",0,o you who are reading this do n t let the garden get in your way do you understand 
414,бір қызды бақытты еткін келеді ме онда дос сияқты сырлас әке сияқты қорға ,0,do you want a girl happy etkin where friends as well as intimate to the fund like a father 
415,каникулдың несі жақсы құр босқа сотка құшақтап жатасың ,0,what good are embraced lose weaving vacation 
416,"бəрін кешіре аламын, тек сатқындықты емес ",0,"i can forgive everything , not just betrayal "
417,сүйгеніңді өзгемен көруден артық азап жоқ шығар ,0,s ygeni di may not have suffered more than watching someone else 
418,"бізді өмір өзгерпейді, бізді жақын адам өзгертеді ",0,"our life has changed , change the people close to us "
419,кейкезде менi бір ой мазалайды ол да мені қызғанады мекен ,0,"sometimes one thought does not bother me , he made me jealous address"
420,"кім менің өміріме араласады, мен соның түбіне жетпей қоймаймын",0,"who is mixed , and not enough to the bottom of my life"
421,"өмірді жаңадан бастауға болмайды, тек басқаша жалғастыруға ғана болады ",0,"you can not start a new life , but otherwise will only continue "
422,"сен үшін барлығына дайын адамдарды, ренжітуші болма ",0,"are you ready for all the people , not offend "
423,"қыздар жігітімен ұрысып қалғанда бірінші оның суреттерінен құтылғысы келеді, сосын телефон нөмірін өшіреді, оның жазған смс тері мен соңғы звоногына дейін қалдырмай өшіріп, бірақ жүрегінде сақтап қалады жігіттер суреттерді де өшірмейді, хат хабарламалар да сол күйі қалады соған қарағанда бірден жүрегінен өшіре салады ау дейм ",0,"girls boyfriend had a fight in the first picture , and then tried to kill him off , he wrote his phone number off the skin and leave until the last zvonog na sms , but retain the heart turn off the guys images , email messages remain in the same condition apparently , immediately turn off the heart , i would like to make a range of "
424,ұялшақтығымның арқасында қаншама мүмкіндіктерді жіберіп алғанмын ,0,how many opportunities i missed due to my shyness 
425,боксты жақсы көретін қыз жалғыз менба ,0,menba the only girl who loves boxing 
426,онлайндар бассын көрейік қанша екенімізді,0,our online let s see how many bass
427,"эххх саған жаза бергім келеді, бірақ жалықтырып аламба деп қорқамын ",0," xxx bothering you d like to write , but i m afraid i can "
428,сенде бұны ішіңнен окып отсың ба ,0,you drink it ots read 
429,көп жетістікке жету үшін көп нәрседен бас тарту керек ,0,to cancel a lot of things to achieve success 
430,екеуміз полюбому бірге боламыз ,0,i will be with arguable 
431,менің қарндасыма қырндап жүрген жігіттерге денсаулығың мықты болса жігіті болп жүріп қөр ,0,to the guys who are shaving my sister what if you are in good health bolp boyfriend q r 
432,дым қатысы жоқ адамдардның важныйға шығатынына жыным келеді ,0,has been returned to people who are not related to the sex out of vajn y a 
433,"отбасыммен өткізген сəттерді қатты жақсы көремін кеш болғанда үстел басында отырып, олармен бірге өмірдегі қызықты да күлкілі сəттерді еске түсіргенге ешнəрсе жетпейді ",0,"love moments spent with my family evening at the table with them , while interesting and funny moments of life do not have anything like that "
434," өмірді қиындатудың не қажеті бар сүйесің бе үйлен суретке түсе алмайтын кыздар ашушаң болады екен шыдаудың екі түрі бар жек көріп шыдау жақсы көріп шыдау сенің үнсіздігіңді түсінбеген адам, сөзіңді түсінеді деп кім айтты сообщенияны оқып алып ответ қайтармайсын недеген нашар адамсын ұнатады екен деп, өзінше болмаш жазасың ба күнде жазып тұр аңдасаңда жазасың ба ващще жазбащ, а то нервма тиесің енді есіңе тускендей ешкімде шаруам жоқ ойлайтын адамым бар қай күні туылдың үстін басып көр өз мінезінді біл club қалай бабник бомайсың, қазақтың қыздары шеттерінен сулу болса сенсізде өмірім ғажап, өзіңше бола бермеші түнде бәрі сүйіктісін ойлайды мен бүгін ренжіп, ертең не үшін ренжігенімді ұмытып қалатын адаммын бізді де бір күні бір жан жақсы көрер мəəə, мектепті сағындым ғой тек бір ғана смс жаз, мен қуанамын менің сүйіп қалуым қиын бірақ сүйсем өте ұзақ уақыт сүйемін қыздар әр түрлі, бірақ олардың бәріне еркелеу ұнайды сендер де кішкентай інілеріңнен қызыңның аты кім деп сұрайсыңдар ма қәзір оригинал қыз табу қиын мен ешкімге де ренжімеймін егерде ренжейтін болсам кек аламын, ал кек алсам ешкімде тірі қалмайды мен жандарында болмасам да, жақсы көрген адамдарыма тек бақыт тілеймін админ анон шығаршы өтініш достар, мен сіздерге бір амулет тұмар туралы айтқым келіп отыр ол тұмар бақы, сәттілік және байлық әкеледі қысқасы, мен оқып жүргенімде оқуыммен қиындықтар болған, ал менің ағам курс студенті күнде қыдырып, өмірден ләззат алып жүретін сабағы да жақсы болатын, барлығы емес, бірақ, деген бағасы жоқ еді мен одан сен қалай оқымай жақсы бағалар алып жүрсін, күнде қай ақшаға қыдырасың деп сұрап көрдім, бірақ ол маған шындығын айтқанда күлкіден өлдім ол маған өзінің тұмары туралы айтып берді, мен оған сенбедім, тұмардың өмірге қандай қатысы бар деп ойладым сөйтіп ағам маған бәстесейік деді, ол маған осы тұмарды теңгеге алып берем деді, бірақ мен осы тұмармен емтихандарды жақсыға тапсырсам, мен оған теңге беремін деп бәстестің https bit ly mbvksp бір айдан соң мен емтихандарымды екі қалған сабақтардың барлығын ке тапсырдым https bit ly mbvksp осындай жетістіктеріме таңқалған туыстарым маған көрімдік ретінде ақша бере бастады бұрын ондай болмайтын сөйтіп мен ағама теңгесін қайтардым p s қазір бұл тұмар теңге тұрады жеткізуімен ақшасың тауар қолыңызға келгенде төлейсіз қысқасы, өздерің тексеріп көріңдер https bit ly mbvksp whatsapp , instagram жасамай тұр ма бәріңде не болды екен, іш пысты ғоо ана рамазан айы қош бол жазда ең көп желінетін тамақ мектеп бітті демалыс басталды, кім қайда барады демалысқа міне, соңғы сәресі уа, раббым біздерді келер жылы рамазанға аманесен жеткізе гөр йтеуір интернетте бəрі мұсылман, бəрі діни тұрғыдан күшті біледі мен кіммін мен әлемдегі ең керемет ананың перзентімін қазіргі жағдайымды екі сөзбен сипаттап бере аламын бақыттымын,альхамдулиллях жылдар бойы бірге жүріп, бір күлген,жақыныңның жат боларын кім білген с мұқағали мақатаев жамандықтарды ұмытсаң да, саған жасалған жақсылықтарды еш ұмытпа қыз жоқ жерде қызық жоқ құлаққа музыкадан да жағымдырақ естілетін бір нәрсе бар, ол тыныштық не болса да адамдар ғашық болып қалғанда өзгереді прикинь сені алғаш көргенде менсінбеп ем, қазір білмим қалай ғашық болып қалғанымды қырсық қыз махаббатқа адал болады дейт жігіт пен қыз дос болса,соңында біреуі ғашық болады бақыт бұл атаанаңның шынайы күлкісі маған өтірік жанашырлық пен жағымпаздықтың қажеті жоқ маған керегі шынайы достық пен кіршіксіз таза көңіл аш болсаң өзіңе ұқсамайсың аяғыңның размері қанша қоя тұр тек некеден кейін ғана суды толықтырып қояйын https vk com market w product ақымақ жиза маа сенде осылай салдың баа қаладан өзінің ауылына келіп типа городской болғанда сенер достарың бар болса әдеміі лүпіл қалдырып кетшищ романтик ренжiп қалды адамғаа ештеңе жакпайды мен бабник емеспін, просто жалғыз ұйықтауғаа қорқам қауiптi адам суретке ат қойыңыздар хай мен интернет қызмет сатумен айналысамвзлом жасау тгинста накрутка тгтегін интернет тгютуб под жинау тгвай фай бұзу тгтелефонға қосымша память тгақша табу жолы тгақша табу схемасы схема тгтөлемдер киви аркылыhttps vk com id апам тоқып берген бас киiмiм үйден әйелің қуып жібергендее ішің пысып, не істеріңді білмей отқан болсаң лүпілдетіп кетшищ қане қазақтар ай ат қойыңдар фотоғаа оқуды қызыл дипломға бітіріп жұмысқаа тұрдым өзіңді таптың баа гоуте тиркелиык бұл жерде бір адам тығылып тұр егер сен оны тапсаң, лайк бас өте үлкеееен жиза ал сен дәмін көрдің бе коммент қалдыра кетейік қазақтарға арналған чехол еркектің аты еркек тек қана әдемііі жандар ғана лүпілдетсінші көрейік нешеу екенбіз бир анашис адам паркте отырып анашаны кааатты шегип алганго сосын орынынан турып калса алдында ат шаааууып кележатр екен адам айтады е бул мумкин емес мен паркте журм бул мумкин емес дейд ат келип анау адамды каатты согады анау адам кансырап жатады кишкенеден кейин турып караса самалет ушып кележатр екен тагыда оз озин алдап жубатады мумкин емес деп и анау самалет адамды келип согадыда адам кайтадан кансырап жерте жатканго басын котерип карасы ракета кележатр екен каааатты скорспен емае бул мумкин емес паркте ракета болмайд десе ракета келип кааатты согадыда сосын аргы жактан бир адам е далбаеп кет былай карусельден олесин казир деп айтыпты бұл жолға млн тенге бөлiндi хехе дүкенде осы жағдайға тап болдым дос деген осы free fire аккаунт сататындар барма гоу коммент жалаңаш қыздар лайкты көп жинайды, ал мына атамыз шамамен қанша жинайды екен хехе мяяя, браттарға лайктан атайықшы быр алдар косе болыпты ол быр куны гараж сатып алады гараждын есымын не деп коярын былмимен танертен немды киюды умытып кетсем гараждын есымын суитып коямын дид ертесы куны ол трусиын киюды умытып кетеды сосн есымын труси деп кояды ол тагыда матацикл сатп алады онын атын не деп коярын былми мен танертен шы кандай соз айтамын суитып коямын дид ертесы куны танертен турып алдар апчууу деп чукыреды сосын атын апчуу деп кояды алдар косе жана диван алады онын атын не деп коярын былми мен ай ышынде кандай кызга гашык болам сол кыздын атын коямын диды ол ай ышынде аидана деген кызга гашык болады диваннын атын аидана деп кояды быр куны алдар палицияга барады палиция не болды десе алдар мен аиданамен жатканда трусиымды ашып карасам апчуым жок диды ",0," why make life difficult love married the girls were angry , you can not be photographed there are two types be able to withstand tolerate hate love and patience you do not understand nsizdigi di said the person , who understands that your word messaging read and reply qaytarmays n what poor people loves that kind of bolma do you write write every day do you write consciously va e jazba raised , and remember something belongs nervous now nobody do not care what people think try printing the surface of which was born the day know your character club how babn k while , if the edges of the kazakh girls beauty sensizde life is wonderful , you will not be at night, everyone thinks of their loved one and today , tomorrow or forget renjigenimdi for the offended person one day one of them love us mə əb, do not miss school only one sms during the summer , and i am glad it s hard for me to fall in love but love it, love is a very long time girls are different , but they all like pampering little brother you ask that your daughter s name now it is difficult to find an original girl i do not offend anyone if i renjeytin i can get revenge , and revenge , no one will be left alive and to their loved ones , not only happiness admin hanun statement released friends , i would like an amulet talisman it will bring wealth and happiness , good luck amulets in short , i read when i was , there are problems oqw mmen student , and my brother accompanying a joke , enjoy life every day the total was a good lesson , but would not the price of to and then how you re receiving the best prices reading , which saw a joke to ask for money every day , but i truly funny died he told me about his mascot , and did not believe him , amulets life , what have thought so my brother told me to dare me to this tenge, the talisman he said , but this charge enhancing tumarmen exams , and give him tenge argued https bit ly mbvksp a month later , and emt xandar md two passed to the rest of all the classes https bit ly mbvksp such a surprise, the family began to give me money as k rimdik progress before that so my brother and not returned the money ps now that the amulet gain tenge payment money in your hands in short , check it out for yourself https bit ly mbvksp whatsapp, instagram is not whether all of you what happened , abdominal m oo mother welcome to ramadan the most eaten food in summer who started the school over the weekend , where you go on vacation here is the latest sharezer o lord we safely deliver me from the month of ramadan next year muslim indefinitely until all of the internet , of course , knows a strong religious point of view who am i i am the child of the most wonderful mother in the world to describe the current situation in a nutshell i m happy, i can alxamdwl llyax over the years, walking with one nobody expected you are denied neighbor c m makatayev even if you forget the bad , never forget the good done to you there are no interesting girl there is something in the ear to hear the pleasant music , which is peace what will change when people are in love when you try to estimate the first rejected by the treatment , is now in love with how bilm m stubborn woman who will be faithful to love if a guy and a girl are friends , in the end one will fall in love happiness is a real smile of your parents i do not need false compassion and ja mpazd qt i need to focus on true friendship and pure if you are hungry, you are not like yourself what is the size your feet standing only after marriage i will refill the water https vk com market w product stupid жиза маа that s how you put the price how to come to his village when t pa city i believe there is beauty l pil friends ket leaving romantic renjip left adam aa jakpayd nothing i m not babn k spacious m afraid the only uy qtaw aa dangerous person ask the artist high and internet service sales aynal samvzlom tg nsta cheat tgtegin internet tgyutwb under collection tgvay fi violation tgtelefon a find additional memory tgaq a find a way tgaq a type circuit tgt lemder kiwi ark l https vk com id she textile , clothing m sending out your wife at home if your belly is bright , or do not know your deeds, otqan l pildetip ket s go kazakhs month name pay foto aa i lived with honors jum sqaa reading price you found yourself gout attachment this one is hiding there if you find it , like very big jiza and you have seen the taste let s leave a comment kazakhs gang men s the name of a man only those only demiii l pildetsin i let s see how many there are one person ana s park ana an kaaatt eg p algango if dust built up the place and then round before the horse aaaww p was kelejatr people say this is not mwmk n jwrm the park and came to the name , this is not mwmk n those people kaatt sogad those people are kans rap k keneden then round black samalet w p was kelejatr again not deceive his oz n jwbatad mwmk n came and those who samalet sogad da people back to kans rap jerte jatkango head koter p karas rocket was kelejatr kaaaatt skorspen emae this mwmk n came booster rocket bolmayd the park but not kaaatt sogad da then arg jaktan pick one person dalbaep said carousel oles n kazi he said this line has allocated million tenge hehe i came across this situation in the store this is a friend free fire dissuaded sells an account gow comment like going to a lot of girls naked , and this was going to our father about how much hehe myayaya , brattar a like atay q birr was kose offset he birr buy the garage kwn alad garajd n es m n what koyar n b lm and morning nemd pick remember to wear garajd n es m n suite koyam n d d ertes kwn he trws n remember to wear keted sosn es m n trws koyad ol that what receives to sell matac kl name again koyar n b lm and morning any word i say suite koyam n d d ertes kwn morning round ap www offset by the name of wk red sos n ap ww koyad aldar kose new sofa takes its name or koyar n b lm and month controller any k zga ga k of the same name for girls koyam n d d ol month to the controller a dana k zga ga k d vann n sets the name that a dana birr kwn is increasing pal c yaga pal c ya what was coming and say that while a danamen open trws md karas ap w m no strelec "
435,"алгебра, химия, физика мұғалімдерінің денсаулығына базар жоқ ко, вообще ауырып қалмайды ",0,"algebra , chemistry , physics teachers do not have the health of the market , however , is not actually sick "
436, сыныбыңда красавчик бала барма отмечаем ,0, are there class handsome boy we mark 
438,хехе,0,hehe
439,хехе,0,hehe
440,орысша білмеу ұят емес қазақша білмеу ұят ,0,it is not a shame not to know russian it s a shame not to know kazakh 
441,өләәәәә группа не болып кеткен деп лайк басып кетсеңдерш ,0, l group that has or is like ketse der 
443,солай болса лайк,0,"if so , like"
444,хехе,0,hehe
445,хехе,0,hehe
447,коментке ,0,comment 
448,лайкпен анықтап жіберейік ,0,will identify laykpen 
450,ай заман ай,0,month todate month
451,жаттап алыңыз керек болады ,0,you can remove the need to remember 
452,білесің ба жаным мені жоғалту оңай табу қиын мә жаным сонда сен пультсынбане ,0, do you know easy to lose difficult to find my soul body soul then you pwlts nbane 
453, кішкентай баланы загранпаспортқа суретке түсірудің амалы ,0, how to photograph a small child in a passport 
454, картоптар бұзылуд ,0, potatoes are spoiled 
455,сенде қыз барменде де қыз барекеуін подружка қымадықпа ,0, you have a girl i have a girl too do n t make friends with them 
456,шешеңді депті қоян қасқырға,0, speak the rabbit said to the wolf
457,хехе,0,hehe
458," ғасырда жасар қыздың жігіті бар, ал сенде жоқ ",0," century, the yearold girl s boyfriend , and you do not have "
459,жизама хехе,0,e hehe
460,қазіргі қыздар осындай боп кеттіғо шш,0,"currently, women such as ketti o min"
461,комментке,0,comment
462,хехе ,0,hehe 
463, сиыр алғандардың жағдайы осындай,0,this is the situation with those who got cows
464,жауап ,0,answer 
469, ешқашан ғаламтордан киім алмаңдар ,0, never take clothes online 
470, ураа ержан ұлды болды ,0, cheers yerzhan had a son 
471, құрметке лайық ,0,dear deserve 
472, бойы мынандай ещ ақыл айтып қояд ,0,throughout the following will tell the mind more ee 
473,распа ,0,raspa 
474, қызын әскерден күткен ,0,daughter awaited army
475,ахахах,0,ahahaha
476,қинады әптен,0,it hurts a lot
477, b ,0, b 
478,бастан өттіме ,0,i have experienced 
480,осы коменттер қанды іштіше ,0,this komentter bloody pain 
481,распа ,0,raspa 
483, менің үш тілегімді естігенде байқұс алтын балық жаман шошып кеттіғой ,0,my three hast heard the noise of the gold fish bayqus bad ketti oy 
485, бұл тек менде ма ,0, this is just me 
486," ұрыстан жеңілсеңдерде, мынадан жеңіліп қалмаңдар ұлдар гоуте ",0,do not include combat je ilse derde lost boys goater 
487,сөз жоқ ,0,no words 
488,бұл мен таңертең ,0,this is me in the morning 
489,мұғалімдерге мың алғыс ,0,thank you to the teachers 
490,қытай ,0,china 
491,менің балалық шағымның естеліктері,0,my memories of my childhood
492,осылай болсағой ,0,so bolsa oy 
493, осы адамдармен бір жерге шықсаң вечно проблема ғой ,0, this is ve no problem appears to be a bunch of people 
494,басы жақсы iстейдi екен ,0,home is good works 
495,машина түгілі жәй мотоциклды армандайтын халык бар екен,0,"there is a machine , let alone ordinary people dream of a motorcycle"
496,басыңды аударып қара,0,turn your eyes and black
497,"жаңадан темекі тартып, үйреніп жатқан жеткіншектер ",0,teenagers are used to attract new tobacco 
498," иван, мені қыс біткенше қазақтарға көрсетпеші ",0," ivan , do n t show me to kazakhs until the end of winter "
499,мектепте барлык жагдай жасалганы корынып тур,0,all calls jasalgan fund school tour
500,әжеге респект ,0,respect to the grandmother 
501,осы жылғы жас түлектердің барлығына сәттілік балл алыңыздар ,0,good luck to all the young graduates of this year points please 
502,қазақтарды жеңу мүмкін емес,0,kazakhs can not be overcome
503, үш жыл кредитті төлеуді айт енді ,0,tell me three years to pay the loan now 
504,қазақтың ауа тазартқышы ,0,kazakh air purifier 
505," мə мынаған вискас пен сүт ал да, қалғанын əкеп бер",0," mə v skas this give and led the rest of the milk and ,"
506,"маған дәл осындай гараж керек, ішіндегі көліктерімен бірге ",0,"i was the same , with cars in the garage "
507,"lamborghini aventador, біріккен араб әмірліктері ",0,"lamborghini aventador , united arab emirates "
508,анашым дүкеннен айфон алып берші ,0,mum shop iphone and me 
509,бұл тауық өмiрiнiң cоңына дейiн күресiп өттi ,0,this chicken was a life before co na kuresi 
510,футболшының арманы ,0,a football player s dream 
511,"like, егер осы суреттен мысықты тапсаң ",0,"like, if you find a cat in this picture "
512,ээхх балалық шақ ,0,childhood xx 
513,сен де істеп көр ,0,you try doing 
514,бізге жақсылықты балалардан үйрену керек ,0,we need to learn good children 
515,жігітті обал болды ау ,0,"oh man, was offending "
516,бұл мен үлкен өмірге бара жатқан ,0,this is where i m going to live a great life 
517,денесі қалай ,0,how the body 
518, кең кредит алғанда ,0," ke credit , "
519,мен де сегіз кубик бар ,0,and eight cube 
520,нағыз достар қиын сәтте бірінбірі тастамайды ,0,true friends do not abandon each other in difficult times 
521,"жігіттер, қараңдар қызым сыйлады ",0," guys , look, my daughter gave it to me "
522,қызметте өсті деген осы ,0,this means that he has grown in service 
523,керемет ауыздық ,0,great mouth 
524,"йә, лайк баспай не істеп отырсың ",0,"yes , pressing like what are you doing "
525,"е, қайран жаз ",0,"e, amazed summer "
526,вокзалдан түскенде ,0,when leaving the station 
527,сабаққа қатты асыққан ғой ,0,i m in a hurry to class 
528,"он рет селфиге түсіп, əйтеуір бір суретің сəтті шыққандағы түрің ",0,ten times the self entered the picture indefinitely until successful background 
529,кіші ініңді балабақшадан алып кетуге келген кезде ,0,when the younger brother came to pick up the kindergarten 
530,eciңде ме ,0,eci de 
531,егер сен де осы ойынды ойнасаң басуды ұмытпа ,0,"if you also play this game, do n t forget to click "
532, ғасырдың студенті ,0, st century student 
533,менің арманымдағы гараж ,0,the garage of my dreams 
534,есіңде ме ,0,do you remember 
535,мына қоянды өз стенаңа алып кетші ,0,this hare from its stena a ket i 
536,өзге планеталарда ,0,on other planets 
537,керемет әке,0,wonderful father
538,бір екі затымды алам да шығам,0,one of the two may have to get my item
539,әйтеуір көпшіліктен қалмай секіре беру керек,0,at least not the majority must now jump
540,ешқашан ғаламтордан киім алмаңдар ,0,never take clothes online 
541,менің тыңдайтын өлеңдерімді онша емес дейтіндерге ,0,to those who say that the songs i listen to are not so good 
542,автобусқа жиі мінетіндер түсінеді ,0,those who often take the bus understand 
543,тауық бірінші пайда болдыма әлде жұмыртқама джейсон стэтхэм,0,did the chicken appear first or an egg jason statham
544,сүйетін қызың үшін не істемейсің ,0,what do n t you do for the girl you love 
545,болды ма ,0,was it 
546,у тебя еще нет своей хоккейной команды в hockeybattle ты станешь владельцем клуба и будешь играть онлайн с тысячами игроков установи на свой смартфон сейчас http hockeybattle ru store ,0,u tebya more no sending xokkeynoy team stab hockeybattle as owner s club and you will grat online t sya am grokov install on your smartphone сейчас http hockeybattle ru store 
547,ұнатсаң лүпілдет ,0,"if you like it, click "
548,кімнін есінде ,0,who remembers 
549,осы жерге барғың келеді ме ,0,do you want to go to this place 
550, көрші ауылдың қыздары менің ауылымның қыздары,0, girls from the neighboring village girls from my village
551,жакында басталады ,0,coming soon 
552,осы жұрттың балаларына жете алмайақ қойдық ,0,these people have children without having to reach 
553,балаларыма мектепке киім əперейін деп барсам ,0,children go to the school as clothing əpereyin 
554,жаңа оқу жылына қаншалықты дайынсың дегенде мен ,0,as far as i am ready for the school year 
555,жақында ,0,soon 
556,өзін ауадаймын деп ойлап қалғанғой ,0,self thinks awadaym n qal an oy 
558,қатты шаршаған ғой ,0,it is very tired 
559,артқы колесо прочный екен ,0,rear koleso was pro n y 
560,дөңгелектері сонша қымбат болған сиякты,0,like the wheels were so expensive
561,мені шыға алмайды деп ойладың ба ,0,did you think i could n t get out 
562,басында түсінбей біраз қарап тұрдым ,0,i watched a little confused at the beginning of 
563,осы күніңе шүкір десең болады ,0,if you want to thank your day 
564,енді лексуспен жүретін болдым,0,now i drive a lexus
565,мықты приколдар естігенде,0,when you hear strong jokes
566,ұқсайды ма ,0,does it look like 
567,ит адамның досы,0,the dog is man s friend
568,автоматты түрде отындар оздері кезекпен жана береді ойланып қара,0,automatically alternate fuels ozdere new think black
569,жолақыларың бар ма ,0,is there a cover travel 
570,"мамау, маммммамауне сен ұйықтап жатырсың ба ",0," mamaw , maymmmamaw what are you are you asleep "
571,аяқ киімге ақша жетпей қалған,0,the rest of the footwear not have enough money
572,"электр қуатын жемейтін, тегін холдильник",0,"power not to eat , free xold ln k"
573,сәтті сурет,0,successful picture
574,"пиво сендерден, балық менен",0,"beer from you , fish with me"
575,не байқадың ,0,what did you notice 
576,"тәлпіштенбей, келісші енді",0, agreed t lpi tenbey
577,"мына жүні жоқ, тақыр бас тышқан осыны репост жасап алып кетпесең тақырбас болып қаласың ",0,"the following hair , bare head mouse is going to make a repost this topic "
578,мына ападан сатып алуға тура келеді,0,i have to buy it from this sister
579,өзің ғой үйге қамап кеткен,0,that you are locked at home
580,тәуекел деп осыны айт,0,you have a risk
581,ду қол репост жасап қояйық,0,"du , let us consider the access to repost"
582,"құдай берем десе, форточкадан береді екен ғой ",0,"god gives , that is to forto kadan say "
583,мен емес мынау шашқан,0,and this is not doused
584,"ее, братан не істеп жатсың көзіңе қарап айдасай",0,"ee are you doing , bro let s look you in the eye"
585,мұғалім білмейтін сұрақ қойғанда ,0,the teacher does not know the question 
586,сәйкес құрастыған,0,according to qurast an
587,"ерте жатсам да ұйқым қанбады ертең қанатын шығар, демалыс қой",0,"although i went to bed early, i could not sleep tomorrow s holiday may have wings ,"
588,мені іздеп тұрсын ба ,0,are you looking for me 
589,"бүгін алып кет, ертең қалтаңда осынша ақша болады",0,"get today , tomorrow will be so much money in pockets"
590,мен де бір сұрақ не үшін ,0,i have one question why 
591,мысықтың отбасы,0,cat s family
592,"электр қуатын жемейтін, тегін холдильник",0,"power not to eat , free xold ln k"
593,"пиво сендерден, балық менен",0,"beer from you , fish with me"
594,орнында тұр ме екен суға ағып кетпепті ма әйтеуір,0,do you stand still do ketpepti finally flowing water
595,"екі әке, екі бала",0,"two fathers , two children"
596,үйдің электр қуатын үнемдейміз ,0,building energy saving 
597,екеуінің әкесі бір сияқты көздері бірдей,0,they both seem to have the same father the sources are the same
598,талантты суретші,0,talented artist
599,"қиын заман, құны жоқ теңгеміздің ",0,"there are difficult times , the value of currency "
600,"мына жаңбыр, қоятын жаңбыр ма қоймайтын жаңбыр ма ",0,"this would rain , rain and rain not "
601,көңілкүй көтеріңкі болсын,0,be in a good mood
602,ит баланың досы,0,the dog is the child s friend
603,мықты приколдар естігенде,0,when you hear strong jokes
604,"қарызын бермей қашып жүр еді, ұсталып қалды",0,"would have escaped without debt , were arrested"
605,романтик,0,romantic
606,"ала ғой, керек болып қалар",0," ala like me , is a must"
607,кімнің басынан өтпеді десейш,0,who has n t experienced it 
608,улы һәм кәләше әйнәһенең кү е менән,0,the son and daughterin law with the eyes of a motherinlaw
609,бір порциялық тарелкаға екі порция тамақ ,0,one serving dish to two servings of food 
610,түскі асқа кезекте тұр,0,lunch is in the queue
611,енді кептелістен қорықпаймын,0,now i am not afraid of traffic jams
612,"сен биле, мен шапалақ ұрып тұрамын",0,i am applauding you dance
613,құдай бір өзің жар бола гөр мені көргендер репост жасап алып кетсінші ,0,god please be with you i have seen how to make a repost ketsin i 
614,"үйде фен жоқ, осылай кеппесем",0,"there is no hair dryer in the house , so keppesem"
615,бір порциялық тарелкаға екі порция тамақ ,0,one serving dish to two servings of food 
616,анкета толтыру,0,fill out the application form
617,отан қорғаушылардың түрі мынау ,0,defender of the fatherland said 
618,сен протез киіп алғансың ба не ,0,whether you are wearing a prosthetic 
619,"егер кептердің көздері жанында емес, алдында болса",0,"if before , if not near sources of pigeons"
620,шаршасаң үйіңе барып жат ,0,you are going to go home tired 
621,көңіл айтып жатыр,0,condolences to
622,кімді алдамақшысың аққу жалғыз жүрмейді ғой,0,who are you trying to deceive the swan does not walk alone
623,"лайк бас та, кете бер",0,"like the chief , and go"
624,"сүйіскенде неге көзіңді жумбайсың өткенде бір жігітпен сүйіскенде көзімді жұмып едім, телефонымды ұрлап кетіпті ",0," why s yiskende jwmbays your eyes s yiskende a guy in the past , i would close my eyes , stole phone "
625,жандары бір бірін қалайтындар,0,sides those who prefer each other
626,"пиво сендерден, балық менен",0,"beer from you , fish with me"
627,жыныма тигендердің жағдайы осылай болады ,0,this may be the case reached upset 
628,қабырғаңа алып кет ,0,qab r a a away 
629,миды ашытатын светофор,0,standing brain barmy
630,не байқадың ,0,what did you notice 
631,"мына жүні жоқ, тақыр бас тышқан осыны репост жасап алып кетпесең тақырбас болып қаласың ",0,"the following hair , bare head mouse is going to make a repost this topic "
632,алтын алқа медалінің иегері,0,winner of the gold medal of the board
633,"китикет жоқ болса, интернет те жоқ",0,"k t ket if not , do not have the internet at"
634,"фууу, кім жел жіберді ",0,"whoa , who sent the wind "
635, сағат күзет қорғайды,0, hour security protection
636,айналдырып кара ,0,scroll to see 
637,қыздарики,0,girls
638,бір тепкенге күшті екен,0,one had a strong ride
639,штраф төлеуге бара жатыр,0,the fine is going to be paid
640,ч та сәл азу керек сияқты,0,che seems to be a little canines
641,жақында еліміздің барлық арналарында,0,soon on all channels of the country
642,йогуртты қасықпен алып қалсам ,0,got yogurt with a spoon 
643,керемет айна,0,a wonderful mirror
644,анашым әкелші бетіңнен сүйейін,0,mum fatherly kiss you
645,аюдың да ұяты ашылып кетті,0,bear has opened a conscience
646," ggg мешок деген,озі мешок боп қапты ",0," ggg me ok itself, as me ok bag "
647,қыс келгелі мұрт қойып алыпты,0,with the arrival of winter had set a beard
648,сатының керегі жоқ,0,you do n t need a ladder
649,қайыршыны тонап жатыр,0,poverty is robbed
650,"мә, ал, банан жақсы көретін едің ғой ",0," body , and would love bananas "
651,сәтті түсіп қалған,0,successful crumbled
653,опа,0,opa
654,демалысы осылай өтетіндер лайк,0,weekend will be held this like
655,ішіп алғансың ба ууһ деші,0, are you drunk wwh de i
656,"әй, қарама, ұятсыз кино болып жатыр ",0,"hey , is obscene , movies "
657,"оқиғалардың және жұмбақтардық жалғасылары төменде сіздерді еш алдамай салдық, сізде рахметіңізді айтып тобымызға тіркеле кетіңіздер жауабы жөргек жауабы тиіспе өлемін",0,"the following events and riddles jal as lar put nothing ahead of you sign up , you have to tell raxmeti izdi team keti izder the answer ties the answer is should die"
658,жiгiттер түсiнедi ,0,guys understand 
660,тапқыр екен ,0,was witty 
661, йелдерге машина айдап үйретудің керемет тəсілі ,0,a great way to teach women to drive a car 
662,колготки аламыз,0,we get tights
663,қызық кадр ,0,interesting shot 
665," мүсіннің кемшіліктерін жасыратын корсет waist trainer жеңілдікпен тапсырыс беру https goo gl s uu q зат тегін жеткізіледі, тек қолға алып жатқанда ғана төлем жасайсыз ешқандай жасырын төлемдер жоқ квитанция беріледі жеңілдікпен тапсырыс беру https goo gl s uu q бөкседегі, іштегі артық майларды жасырады келбетіңізді әдемі қылып, кемшіліктеріңізді жасырады физикалық жаттығуларда өзіңізді сенімді сезінесіз босаңғандарға таптырмайтын зат тек әдемі келбетіңізді қалпына келтіріп қана қоймай, сыртқы келбетіңізді мінсіз етеді денеңізді жинап тұрады, тартымды әрі сұлу қылады waisttrainer сіздің сүйкімді келбетіңіз бен сұлулығыңыздың кепілі гүлдей жайнап, сүйіктіңізбен бақытты болуыңызға тілектеспіз консультанттар қазақтың қара көз қыздары және тек қазақша сөйлейді өздерінің жеке номерлерінен хабарласады, яғни номерлері жұмыс уақыттары әрқашан қосулы болады әрқашан жауап беріп, сұрақтарыңызды шешуге барлық күшімізді саламыз жеңілдікпен тапсырыс беру үшін сілтемені басыңыз https goo gl s uu qсұрақтар болса осы сілтемені басып whatsappқа тікелей жазыңыз https goo gl s uu q",0," statues of the corset to hide the shortcomings of waist trainer discount now https goo gl s uu q substance is available free of charge , but only when taken charge do there are no hidden charges a receipt will be given discount order https goo gl s uu q b ksedegi hiding , abdominal excess oil hide the shortcomings so beautiful complexion physical exercises you feel confident bosa andar a only a great thing not only to restore the beautiful face , the outer face is perfect collect the body , attractive and beautiful q lad waisttrainer guarantee you a nice complexion and beauty bloom flourishing wish to bolster your happiness , darling consultants kazakh black eye and speak only kazakh girls contact their individual performances , the numbers are always on time for work always make every effort to resolve the question and answer click on the link to order with discount https goo gl s uu qif you have any questions, click this link and write directly to whatsapp https goo gl s uu q"
666,трансформер ,0,transformer 
667," құрметті мұсылман бауырлар, құрметті қазақстан тұрғындары егер де сізде шаш мәселесі бар болса, оңай әрі кепілді осы кешенді сынап көріңіз https goo gl prfntd нәтижесіне кепілдік беріледі, немесе қаражат қайтарылады қара көзді қазақ қыздар хабарласып, бәрін түсіндіріп береді сұрақтар болса осы сілтемені басып whatsappқа тікелей жазыңыз https goo gl prfntd",0," dear muslim brothers and sisters , dear residents of kazakhstan if your hair if there is a problem , it is easy to try and guaranteed in this complex https goo gl prfntd result is guaranteed or money back black eye contact kazakh girls click this link , if beredi suraqtar explain everything whatsapp direct write https goo gl prfntd"
668,қимылдамай тұр суретке түсіріп алайын ,0,let me photograph is on the move 
669,"оқыңыз, ой салады қала базарларының бірінің маңынан ары бері өткен сайын осы бір қайыршы шалды көретінмін кір қожалақ дорбасын асынып, өткен кеткенге қол жайып тұрады қазақ атаның аянышты халі мені бей жай қалдырмады қолымнан келгенше бір сауап іс істегім келді ол кісіні сол жердегі бір асханаға алып кірдім маған жасқаншақтап қарап қарап қояды алдындағы ыстық тамақты қомағайлана ішіп отыр ішіне ел қонса керек, бір кезде маған рахмет балам деді мен жəй күлімсіредім де ас болсын ата дедім даяшыны шақырып ас ақысын төлейін деп жатыр едім, қария қалтасынан бір уыс тиынын шығарып балам, өз жегеніме өзім төлейін, деді жоқ ата, қоя беріңіз ақша өзіңізге керек болар өзім бере салайын, дедім де ақшаны даяшыға жылдам беріп жібердім ақсақалмен асханада бір сағаттай отырдық бұл күнге қалай жеткенін əңгімелеп бергенде, шыны керек терең бір күрсіндім қазыргы сүйенішім осы таяғым жасым болса тен асты қартайғанымда көшеде қайыр тілеп қаламын деп ойламаппын алланың берген екі ұлым бар екеуін де жұрттан кем қылмадым, оқыттым, үйлендірдім, үй қылдым екеуін де əйелдері бөлек алып кеткен кемпірімнің жүрек талмасы жиі ұстайтын екінші келінімізбен қатты ұрыс кезінде жүрегі ұстап, ауруханада демі үзілді екі ұлым да əйелдерінің айтқанынан шыға алмады қойынға сұр жылан бір кірсе болды екен ғой кемпірім кеткен соң үлкен үйде жалғыз қалдым ұлдарымның екеуі де қара шаңыраққа көшіп келуге ниет білдірмеді қайта ол кісіге кім қарап отырады жұмыстамыз, қол тимейді ол жасында екінші рет үйлендіргеніміз де жараспас ең дұрысы қарттар үйіне тапсырайық үлкен үйде бір өзі не істейді бəрібір деп ұлымның миын улады кемпірімнің көзі тірісінде де осы үй келіндеріме тыныштық бермеген біз бала шағамызбен тар пəтерде тұрамыз ал олар екеуіақ сондай үлкен үйде тұрады деп бір біріне айтып отырғанын естігем үлкен үйде қараусыз қалдым көршілер қашанғы қол ұшын берсін бес, алты күн қарайласты оған да шүкір үйде жата бергеннен пайда жоқ ақырындап базар жағалай бастадым өмірімде жан баласына қол жайып көрмеген адаммын бірақ, басыңа түссе оған да барады екенсің аяп, мүсіркегендер қазақ ата ғой деп тиын тебен тастайды бұл жерде мені бəрі қайыршы қазақ ата деп атап кеткен біреулер өзің сияқты тамақ əперіп кетеді тамағым тоқ болғанымен көңілім жарым немерелерімді сағындым оларды да менен алыстатып жіберген қайбір күні кіші балам келін, немерелерді алып келді немерем менімен амандаспайды, бетінен сүйейін десем сүйгізбейді сөйтсем келін атаңа жақындама үстің сасып кетеді деп үйретіп қойыпты жағдайымды білуге келмегені түсінікті үйді өз атына аударып беруімді сұрап келіпті оларға əке емес, əкеден қалған шаңырақ керек осылай сүйретіліп жүріп көз жұмсам, құдайдан қорқып балаларым қара жерге табыстар өмір ғой қанша адам болса, сонша тағдыр бар қартайған шағында қамсыз өмір сыйлай алмаған ұлдың барынан жоғы ",0," thoughtprovoking read away from the city near one of the markets since this year saw a beggar offered qojalaq laundry bag , a departure from the past strapped outstretched hand kazakh s miserable condition just did not leave me indifferent i can do one of the rewards it is the same one who came to the dining room i will jasqan aqtap black is black hot food and drink qoma aylana in front of me and still , when one of the country thank you my son , he said i smiled common kitchen parents , he said i called the waiter is going to pay for it in the kitchen , the old man out of the pockets of a handful of coins my son , i jegenime payment , he said no parents , give the book you may need the money let me give myself , i said , and money quickly and sent to the waiter the elder and i sat in the dining room for about an hour when you tell people how to have reached this day , the glass should be a deep one k rsindim the present bearing of this rod you re over of allah i did not think that i am wishing to donate old age on the street with his two sons both men trained at q lmad m , made ylendirdim home women in both left separately kempirimni with a heart attack often the second kelinimizben hard a heart attack , breath in the hospital during the battle has been lost two sons also gave women could not get out tab viper that is was one enters after the woman , who was home alone sons , both black family did not wish to move he is a man who is looking at does not work it does not look ylendirgenimiz for the second time at the age of a nursing home ideally , what does one pass now in a large house itself still my son s brain that the men of ulster kempirimni this did not give rest to their home in his lifetime we live in a child a am zben narrow apartment and they are both great at home , said a friend heard that i was left unattended in a big house let the neighbors lend a helping hand he was treated for five or six days thanks to him too stu has given up at home gradually i started walking along the market his hands in my life, people do not see but , will it fall on your head and eyes m sirkegender sorry kazakh parents would throw a coin teben here is my everything good kazakh parents , he noted someone you əperip as well as the food although current my throat and a half i missed my grandchildren they also sent them away from me subcommittee on either day brought my son and daughterinlaw , and grandchildren my grandson doesn t greet me , he does n t kiss me if i want to kiss him on the face amazingly daughterinlaw takes over the call is coming ferret put teach it is clear that he did not want to know about my situation asking me to come over to their house they are not taught to be married , and the rest of the əkeden so a blind eye drag children s success in life down in the fear of god how many people , so many lives only the slightest careless life of his son who did not give his old age "
670,"кетіп қал, егерде шаршатып жатсам ",0,stay away if i am picks 
671,сәтті кадр ,0,successful human 
672,ішіп алған ,0,drunk 
673,ет екен деп ойлап қалсам ,0,i thought it was meat 
674, дің концертіне жиналған иглздар ,0,eagles gathered for the concert of 
675,не байқадыңыздар ,0,what did you notice 
676,ақбоз ат мінген ханзаданы күткендер бар ма мен келдім ,0,is there anyone waiting for a prince on a white horse i came 
677,не тандасам болады екен ,0,what would be tandasam 
678,"өмір сүріңдер, сүйіңдер бірақ маған тиіспеңіздер ",0,"live , love but i t ispe izder "
679,сенің ең бірінші телефоның ,0,your first phone 
680,не қарайсың қазыр деген тұмау басталды маған жұқса тышқанды кім аулайды дейсің ,0,"what do you feel now that the flu began juqsa me say, who preyed on the mouse "
681,современный сервис заказа такси maxim новым пользователям приложения дарим тенге по промокоду wp на первую поездку установить из google play appstore https vk cc tjoj ,0,modern taxi service order maxim new users give tenge along promokodw application wp on pervwyu poezdkw install from google play appstore https vk cc tjoj 
682,жанбыр жауып жатр,0,it s raining cats and dogs
683," құрметті мұсылман бауырлар, құрметті қазақстан тұрғындары егер де сізде шаш мәселесі бар болса, оңай әрі кепілді осы кешенді сынап көріңіз https goo gl prfntd нәтижесіне кепілдік беріледі, немесе қаражат қайтарылады қара көзді қазақ қыздар хабарласып, бәрін түсіндіріп береді сұрақтар болса осы сілтемені басып whatsappқа тікелей жазыңыз https goo gl prfntd",0," dear muslim brothers and sisters , dear residents of kazakhstan if your hair if there is a problem , it is easy to try and guaranteed in this complex https goo gl prfntd result is guaranteed or money back black eye contact kazakh girls click this link , if beredi suraqtar explain everything whatsapp direct write https goo gl prfntd"
684,"мандарин қабығының пайдасы мандарин қабығында эфир майы, фитонцид, каротиноид, дәрумен, антиоксидант және басқа да пайдалы заттар көптеп кездеседі сондықтан оның қабығын да қажетке жарата біліңіз кезекті мақаламызда оның адам денсаулығына пайдасын айтамыз ішіңіз кеуіп, дисбактериоз болсаңыз кептірілген мандарин қабығын кофе ұнтақтағышқа салып ұнтақтап, сүзбе, ботқа секілді тағамдарға шай қасықтан қосып жеңіз кеңірдекше қабынуы кезінде кептіріліп, ұнтақталған ас қасық мандарин қабығына , стақан қайнаған су құйып, минут баяу жанып тұрған отқа қойыңыз дайын болған соң бұл тұнбаны күніне рет тамақ ішерден жарты сағат бұрын тұтыныңыз міндетті түрде жылытып ішу керек жөтел кезінде ас қасық ұнтақталған қабыққа стақан су құйып, бір апта қараңғы жерде сақтаңыз содан соң сүзгіден өткізіңіз дайын болған соң күніне рет тамақтан бұрын тамшыдан тұтыныңыз суық тиіп тұмауратсаңыз, жөтелсеңіз ингаляция жасаңыз бір уыс ұнтақталған мандарин қабығын суға салып қайнатып, буымен минут дем алыңыз бұл әдісті жасаған соң сағат салқын жерге шықпай күтініңіз тырнақ тез сына берсе тырнағыңызды кем дегенде күніне рет мандарин қабығымен сүртіп отырыңыз шаршағанда, жүйке жүйеңіз жұқарып, күйзеліске түскенде ұсақұсақ туралған мандарин қабығын көлемі шамамен x см болатын матадан тігілген қапшыққа салып, өзіңізбен бірге алып жүріңіз егер жоғарыда айтылғандай жағдайлар болса, қапшықтағы мандарин қабығының хош иісімен дем алыңыз жүрек соғысы артып, артериялық қысым көбейсе, ұйқысыздыққа ұшырасаңыз стақан ұнтақталған қабыққа литр қайнаған су құйып, қоспалы суды қайтадан қайнатыңыз ваннаға құйып, осы суға түсіңіз күнде бір рет ұйықтар алдында осы әдісті пайдаланып тұрсаңыз, аталған аурулардың алдын аласыз ",0,"mandarin peel the benefits of essential oils of mandarin shell , phytoncids , carotenoids , vitamins , antioxidants and many other useful things therefore, the shell is as necessary to create more in our next article we will talk about its benefits for human health if your stomach , goiter dry dried tangerine peel and grind in a coffee grinder , add teaspoon of foods such as cheese , porridge eat when inflammation of the bronchial tubes, dried , grated tablespoons mandarin rind pour a cup of boiling water for minutes , slow burning fire once you have this sludge consume times a day half an hour before meals be sure to warm to drink cough tablespoons cocoa cup of water pour into the epidermis , a week in a dark place then filters when you re ready to consume drops times a day before meals cold tumawratsa z inhaled , j telse iz a handful of grated tangerine peel , boil in water vapor to breathe for minutes after doing this method , wait hours without leaving in a cool place nail quickly broken fingernail if at least times a day wipe tangerine peel when he was tired , thinning of the nervous system , stress the smallest chopped tangerine peel about the size of x cm was put in a fabric bag , carry it with you if the above conditions , the folder tangerine peel aroma breathe increased heart rate , increased blood pressure , insomnia u rasa z cup shredded envelope liters of water in the mix , pour boiling water , bring to the boil again bath , pour this water color if you use this method once a day before going to bed , you can prevent these diseases "
685," құрметті мұсылман бауырлар, құрметті қазақстан тұрғындары егер де сізде шаш мәселесі бар болса, оңай әрі кепілді осы кешенді сынап көріңіз https goo gl prfntd нәтижесіне кепілдік беріледі, немесе қаражат қайтарылады қара көзді қазақ қыздар хабарласып, бәрін түсіндіріп береді сұрақтар болса осы сілтемені басып whatsappқа тікелей жазыңыз https goo gl prfntd",0," dear muslim brothers and sisters , dear residents of kazakhstan if your hair if there is a problem , it is easy to try and guaranteed in this complex https goo gl prfntd result is guaranteed or money back black eye contact kazakh girls click this link , if beredi suraqtar explain everything whatsapp direct write https goo gl prfntd"
686,бірінші ұйықтамаңдар ,0,don t sleep first 
687,не тандасам болады екен ,0,what would be tandasam 
688,қаттырақ жугiр,0,harder run
689,"зәмзәм суыдүниежүзілік денсаулық сақтау ұйымының ддсұ мәлімдеуінше әлемнің ең пайдалы суларынан болған зәмзәм суының көптеген сырлары, қазіргі технологияның дамыған заманның өзінде де ашыла қойған емес бұлағы табылмаған судың теңізден километр алыста болса да және айналасында басқа ешқандай құдықтар болмаса да ғасырлар бойы суы сарқылмай тұруы зерттеушілерді таң қалдыруда , метр тереңдікте болған құдықтан қажылықта миллиондаған қажылар су ішсе де, судың деңгейі еш азаймайды европада лабораторияларда жасалған зерттеулер нәтижесінде зәмзәм суының құрамында өте аз мөлшерде күкірт бар екені анықталды ал ақшта жасалған тест нәтижелері бойынша құрамында микроорганизм және бактерия жоқ су екендігі анықталды ддсұ тарапынан зәмзәм суы әлемдегі ішуге болатын және денсаулыққа пайдалы ең жақсы су ретінде жарияланды мүбәрәк зәмзәм суының қасиеттері сулардың ең жұмсағы және ең үстемі қасиетті зәмзәм ішкен адамды тойғызады шөлдегендер ішсе суға қанады ішкен аурулар шипаға қауышады пайғамбарымыздың жүрегі жуылған су зәмзәмді ішу сүннет қанғанша ішу, екіжүзділіктен сақтайды қандай ниетпен ішілсе де шипасын көреді ішетін кезде қыблаға бұрылады бисмилләһ айтып тойғанша тұрып ішеді ішер кезде үш рет дем алады тауафтың соңында ішу мүстаһаб құрамында микроб, бактерия жоқ құрамында күкірт өте аз кальций және магний тұздарының мөлшері көп мүктер мен паразиттер жоқ мыңдаған жылдар бойы қанша ішілсе де және қаншама сыртқа әкетілсе де азаяған еме",0,"zamzam sw d n ej zilik health organization who said that many of the world s most useful waters of the zamzam water motives , modern technology has opened even in the developed world are not emes bula water is kilometers away from the sea for centuries , and in the absence of any other wells around the drain impressed researchers pilgrimage by millions of pilgrims drink water from the well at a depth of meters , and the water level is no azaymayd evropada zamzam water as a result of studies made in the laboratory were found to have a very small amount of sulfur and made in japan on the results of the test revealed that the water does not contain microorganisms and bacteria zamzam water by the who as the world s best and healthy water to drink jar yaland m b r k zamzam water water is the pulp and properties of the most dominant holy zamzam people toy zad drink something only drinks water sharing drank cure diseases the water that washed the heart of the prophet z mz mdi stores s nnet qan an a drink , drink hypocrisy what will yours intravenous treatment he turns to the qibla while drinking tell b sm ll h drink before satisfaction when food and drink three times to breathe at the end of the alad tawaft mustahab no microbes , bacteria it contains very little sulfur no amount of calcium and magnesium salts k p m kter and parasites for thousands of years , how many drinks and many withdrew from the bad azaya an "
690," құрметті мұсылман бауырлар, құрметті қазақстан тұрғындары егер де сізде шаш мәселесі бар болса, оңай әрі кепілді осы кешенді сынап көріңіз https goo gl prfntd нәтижесіне кепілдік беріледі, немесе қаражат қайтарылады қара көзді қазақ қыздар хабарласып, бәрін түсіндіріп береді сұрақтар болса осы сілтемені басып whatsappқа тікелей жазыңыз https goo gl prfntd",0," dear muslim brothers and sisters , dear residents of kazakhstan if your hair if there is a problem , it is easy to try and guaranteed in this complex https goo gl prfntd result is guaranteed or money back black eye contact kazakh girls click this link , if beredi suraqtar explain everything whatsapp direct write https goo gl prfntd"
691,"спорт өзің үшін, намаз жұмақ үшін арақ тозақ үшін ",0,"sports , prayer paradise for yourself vodka to hell "
692," тұзбен емделіңізкүнделікті тұрмыста қолданатын тұздың қаншалықты пайдалы екенін білесіз бе оның адам денсаулығына тиімді тұстары өте көп әсіресе салқын тигеннен пайда болатын аурулардың алдын алуға көмектеседі ангина стақан жылы суға шай қасық тұз салып, күніне бірнеше рет тамағыңызды шайыңыз сонымен қатар, стақан жылы суды шай қасық қайнатпа тұзбен араластырып, оған тамшы йод қосыңыз дайын болған тұнбаны мұрныңызға тамызып, жұтқыншағыңызды жуыңыз жөтел стақан ауыз суды шай қасық ас содасымен араластырып, қоспаны аш қарынға тұтыныңыз сүйек пен тамырдағы аурулар стақан бал мен стақан тұз және стақан шомыр шырыны барлығын жақсылап араластырып, ауыратын жеріңізді сүртіңіз тісіңіздің амандығытісіңізді аман сақтағыңыз келсе, әр таң сайын кесек теңіз тұзын соруыңыз керек ол тек тісіңізге емес, қызыл иегіңізге де пайдалы артық салмақ кг қайнатылған немесе теңіз тұзын жылы су толтырылған ваннаға салыңыз сосын сол суға минут шомылыңыз мұндай ванна сізге артық салмақтан арылуға көмектеседі ",0," emdeli izk ndelikti salt know that the beneficial effects of salt used in everyday life there are a lot of effective health of its people helps prevent diseases , especially colds that appears ang na a glass of warm water and teaspoon of salt and rinse the throat several times a day in addition , cup of warm water mixed with salt teaspoon jam , add drops of iodine wash the nose pad for your sludge are ready to august , jutq n a zd j tel glass of water mixed with teaspoon soda , on an empty stomach consume the mixture of bone and tam rda awrwlar cup honey and cup salt and cup of radish juice stir well , and wipe your location with all tooth amand tisi izdi to survive , every morning if you want to keep pumping cups of sea salt it is not only the teeth , red egi izge useful more salmaq kg of boiled or sea salt into a bath filled with warm water then bathe in water for minutes such bath will help you lose weight "
693,танертен ,0,tanerten 
694,юбкасы əдемі екен ,0,yubkas was beautiful 
695,жұрттың балалары да өз жеке əлемінде өмір сүретінін анама кім түсіндіре алар екен ,0,my children are living in their own world of people who would explain 
696," мүсіннің кемшіліктерін жасыратын корсет waist trainer жеңілдікпен тапсырыс беру https goo gl s uu q зат тегін жеткізіледі, тек қолға алып жатқанда ғана төлем жасайсыз ешқандай жасырын төлемдер жоқ квитанция беріледі жеңілдікпен тапсырыс беру https goo gl s uu q бөкседегі, іштегі артық майларды жасырады келбетіңізді әдемі қылып, кемшіліктеріңізді жасырады физикалық жаттығуларда өзіңізді сенімді сезінесіз босаңғандарға таптырмайтын зат тек әдемі келбетіңізді қалпына келтіріп қана қоймай, сыртқы келбетіңізді мінсіз етеді денеңізді жинап тұрады, тартымды әрі сұлу қылады waisttrainer сіздің сүйкімді келбетіңіз бен сұлулығыңыздың кепілі гүлдей жайнап, сүйіктіңізбен бақытты болуыңызға тілектеспіз консультанттар қазақтың қара көз қыздары және тек қазақша сөйлейді өздерінің жеке номерлерінен хабарласады, яғни номерлері жұмыс уақыттары әрқашан қосулы болады әрқашан жауап беріп, сұрақтарыңызды шешуге барлық күшімізді саламыз жеңілдікпен тапсырыс беру үшін сілтемені басыңыз https goo gl s uu qсұрақтар болса осы сілтемені басып whatsappқа тікелей жазыңыз https goo gl s uu q",0," statues of the corset to hide the shortcomings of waist trainer discount now https goo gl s uu q substance is available free of charge , but only when taken charge do there are no hidden charges a receipt will be given discount order https goo gl s uu q b ksedegi hiding , abdominal excess oil hide the shortcomings so beautiful complexion physical exercises you feel confident bosa andar a only a great thing not only to restore the beautiful face , the outer face is perfect collect the body , attractive and beautiful q lad waisttrainer guarantee you a nice complexion and beauty bloom flourishing wish to bolster your happiness , darling consultants kazakh black eye and speak only kazakh girls contact their individual performances , the numbers are always on time for work always make every effort to resolve the question and answer click on the link to order with discount https goo gl s uu qif you have any questions, click this link and write directly to whatsapp https goo gl s uu q"
697," құрметті мұсылман бауырлар, құрметті қазақстан тұрғындары егер де сізде шаш мәселесі бар болса, оңай әрі кепілді осы кешенді сынап көріңіз https goo gl prfntd нәтижесіне кепілдік беріледі, немесе қаражат қайтарылады қара көзді қазақ қыздар хабарласып, бәрін түсіндіріп береді сұрақтар болса осы сілтемені басып whatsappқа тікелей жазыңыз https goo gl prfntd",0," dear muslim brothers and sisters , dear residents of kazakhstan if your hair if there is a problem , it is easy to try and guaranteed in this complex https goo gl prfntd result is guaranteed or money back black eye contact kazakh girls click this link , if beredi suraqtar explain everything whatsapp direct write https goo gl prfntd"
698,ұқсастық ,0,similarity 
699,бірінші ұйықтамаңдар ,0,don t sleep first 
700,жігітіме түсірме десемде қоймай түсіріп алыпты ,0,boyfriend survey desemde also took 
701,caқтықта қорлық жоқ,0,no caqt qta abuse
702,юбкасы əдемі екен ,0,yubkas was beautiful 
703,үлкен әпкелерiне елiктеп жүр ,0,big pkelerine is eliktep 
704,ал кеттік ,0,and let s go 
705," мүсіннің кемшіліктерін жасыратын корсет waist trainer жеңілдікпен тапсырыс беру https goo gl s uu q зат тегін жеткізіледі, тек қолға алып жатқанда ғана төлем жасайсыз ешқандай жасырын төлемдер жоқ квитанция беріледі жеңілдікпен тапсырыс беру https goo gl s uu q бөкседегі, іштегі артық майларды жасырады келбетіңізді әдемі қылып, кемшіліктеріңізді жасырады физикалық жаттығуларда өзіңізді сенімді сезінесіз босаңғандарға таптырмайтын зат тек әдемі келбетіңізді қалпына келтіріп қана қоймай, сыртқы келбетіңізді мінсіз етеді денеңізді жинап тұрады, тартымды әрі сұлу қылады waisttrainer сіздің сүйкімді келбетіңіз бен сұлулығыңыздың кепілі гүлдей жайнап, сүйіктіңізбен бақытты болуыңызға тілектеспіз консультанттар қазақтың қара көз қыздары және тек қазақша сөйлейді өздерінің жеке номерлерінен хабарласады, яғни номерлері жұмыс уақыттары әрқашан қосулы болады әрқашан жауап беріп, сұрақтарыңызды шешуге барлық күшімізді саламыз жеңілдікпен тапсырыс беру үшін сілтемені басыңыз https goo gl s uu qсұрақтар болса осы сілтемені басып whatsappқа тікелей жазыңыз https goo gl s uu q",0," statues of the corset to hide the shortcomings of waist trainer discount now https goo gl s uu q substance is available free of charge , but only when taken charge do there are no hidden charges a receipt will be given discount order https goo gl s uu q b ksedegi hiding , abdominal excess oil hide the shortcomings so beautiful complexion physical exercises you feel confident bosa andar a only a great thing not only to restore the beautiful face , the outer face is perfect collect the body , attractive and beautiful q lad waisttrainer guarantee you a nice complexion and beauty bloom flourishing wish to bolster your happiness , darling consultants kazakh black eye and speak only kazakh girls contact their individual performances , the numbers are always on time for work always make every effort to resolve the question and answer click on the link to order with discount https goo gl s uu qif you have any questions, click this link and write directly to whatsapp https goo gl s uu q"
706," мүсіннің кемшіліктерін жасыратын корсет waist trainer жеңілдікпен тапсырыс беру https goo gl s uu q зат тегін жеткізіледі, тек қолға алып жатқанда ғана төлем жасайсыз ешқандай жасырын төлемдер жоқ квитанция беріледі жеңілдікпен тапсырыс беру https goo gl s uu q бөкседегі, іштегі артық майларды жасырады келбетіңізді әдемі қылып, кемшіліктеріңізді жасырады физикалық жаттығуларда өзіңізді сенімді сезінесіз босаңғандарға таптырмайтын зат тек әдемі келбетіңізді қалпына келтіріп қана қоймай, сыртқы келбетіңізді мінсіз етеді денеңізді жинап тұрады, тартымды әрі сұлу қылады waisttrainer сіздің сүйкімді келбетіңіз бен сұлулығыңыздың кепілі гүлдей жайнап, сүйіктіңізбен бақытты болуыңызға тілектеспіз консультанттар қазақтың қара көз қыздары және тек қазақша сөйлейді өздерінің жеке номерлерінен хабарласады, яғни номерлері жұмыс уақыттары әрқашан қосулы болады әрқашан жауап беріп, сұрақтарыңызды шешуге барлық күшімізді саламыз жеңілдікпен тапсырыс беру үшін сілтемені басыңыз https goo gl s uu qсұрақтар болса осы сілтемені басып whatsappқа тікелей жазыңыз https goo gl s uu q",0," statues of the corset to hide the shortcomings of waist trainer discount now https goo gl s uu q substance is available free of charge , but only when taken charge do there are no hidden charges a receipt will be given discount order https goo gl s uu q b ksedegi hiding , abdominal excess oil hide the shortcomings so beautiful complexion physical exercises you feel confident bosa andar a only a great thing not only to restore the beautiful face , the outer face is perfect collect the body , attractive and beautiful q lad waisttrainer guarantee you a nice complexion and beauty bloom flourishing wish to bolster your happiness , darling consultants kazakh black eye and speak only kazakh girls contact their individual performances , the numbers are always on time for work always make every effort to resolve the question and answer click on the link to order with discount https goo gl s uu qif you have any questions, click this link and write directly to whatsapp https goo gl s uu q"
707,қызықты ат қоямыз ,0,let s make an interesting name 
708,автобусқа мінгенде дұрыс орын таңдау керек негізі ,0,the basis should be the choice of riding on the bus in the wrong place 
709,соскам қайда ,0,where are the nipples 
710,дағдарыс балмұздақ сатушыларға да әсер етіп жатыр ,0,ice cream sellers are so affected by the crisis 
711,арыктаудын онай жолы ,0,ar ktawd n easy way 
712,хватит сидеть у родителей на шее и ждать завершения учебы в университете получай высшее образование и работай одновременно переводись к нам и учись онлайн подробнее https vk cc nbycj наши преимущества перевод без потери курса перевод с возможностью смены специальности перевод с отсрочкой от армии все формы обучения государственный диплом обучение в удобном индивидуальном графике обучение без отрыва от реальности и практики поступление круглый годузнай подробнее прямо сейчас https vk cc nbycj ,0,"suffice s det rod teley ha neck i jdat finish w ebi wn vers tete polw ay higher education and slave odnovremenno perevod s nam and learn onlayn more https vk cc nbycj , na pre mw estva translation without poter year translation changing vozmojnostyu spec alnost translation otsro koy fire arm all obucheniya waveform state diploma wdobnom to maximize figure nd v dwalnom fire without otr va maximize realnost and practices postwplen e krwgl y godwznay more openness now https vk cc nbycj "
713,жалмауыз кемпірдің келіні ,0,the daughterinlaw of a cruel old woman 
714,қыздар қысқа кимеңдер ,0,women must not wear short 
716,"біраз оқымай жүріп, үй тапсырмасын орындап барғанда ",0,"some went to go do homework , reading "
717,қазақша маркетинг,0,english marketing
718,бұрын және қазір ,0,before and now 
719,соскам қайда ,0,where are the nipples 
722,ең бастысы басың тоңбаса болды ,0,the main thing is not to freeze your head 
724,caқтықта қорлық жоқ,0,no caqt qta abuse
725,махаббатқа шектеу жоқ,0,there is no limit to love
726, йеліңмен дүкен аралауға шықсаң осы ,0,going shopping with yeli men 
728,не байқадың ,0,what did you notice 
730,"үре бермей үніңді өшірш, тышқанды шошытасың ",0," re ir silence , not frighten the mouse "
731,бұзылған алмұрт екен ,0,pears was broken 
732,жігіттерге кеңес әйеліңіз миыңызды ашытса ,0,council women m zd guys yeast 
734,қауіпсіздік бәріненде маңызды ,0,security is mostly interesting 
735,"төй, шіркін мына братқа бірбір лайктан атайықшы ",0,"t y , oh the following brothers one like atay q "
736, түсінсең лайк,0, like if you understand
738,үлкен әпкелерiне елiктеп жүр ,0,big pkelerine is eliktep 
739,жанбыр жауып жатр,0,it s raining cats and dogs
740,селфи селфи деп өліп қалмаңдаршы қыздар ,0,self self qalma dar girls die as 
741,"түрің бар болсын күлме досқа, келер басқа",0,this is like a friend k lme
742,медсестра қашып кеткен шығар ,0,the nurse probably ran away 
743,егесінін еріккен кездегі ісі,0,voluntary work when it s owner
744,педикюр істеуге уақыты жоқтарға ,0,for those who do not have time to do a pedicure 
745,"бәрі дұрыс, бұл қазақстан ",0,"that s right , this is kazakhstan "
746,ұқсаса лайк,0,looks like
747,құдалыққа кетіп бара жатырмыз ,0,we re going to matchmaking 
748,көрінген соткаға жүгіре бермеңдер ,0,do not run any woven 
749,міне айттымғой насыбай жоқ ,0,here there is no synergy between aytt m oy 
750,мода ма ,0,fashion ma 
752,пайдаға жарады ,0,income wounds 
753,суретке қызықты ат қоямыз ,0,sign up interesting horse pictures 
